nuts_id,soil_moisture,fsc,rainfall_7days,temp_delta,slope,is_flood
FRK28,0.13607806104164802,40.073598466116614,31.28464144477123,-4.478414875162127,1.4178466225667075,0
RO111,0.7789661225296305,40.573578103734974,27.151298297772613,9.75343893069467,31.290068086404105,0
RO224,0.2431349141299135,33.64742160875741,27.48748895958314,11.783032180054139,6.414270666819078,0
AT123,0.3114770328126285,4.424960614548789,54.31644069698866,6.099597342698729,42.72834828630079,0
RO224,0.363517319744297,61.49520039659414,13.611895499359871,-4.536418917300584,25.455599995253138,0
ITF13,0.28105944129480176,70.15717015034699,6.474653303311179,10.054715414209527,30.059201245657484,0
FRK28,0.8210906676677959,43.245961143156464,138.58880250153211,6.349470085479092,42.36388093253383,1
FRK28,0.3741715636587333,83.75265466514195,13.657359461623974,12.376343571555399,15.49356665407731,0
AT123,0.5627518668681643,78.94639239685482,2.2515937372021955,0.9240848506437178,42.868808047409956,0
DE929,0.5260673854019883,25.269347107636285,82.47447257692419,12.545328917117065,14.808476071891544,0
DE929,0.2541480186620433,10.34862011074017,11.93506403684999,2.62822961617859,9.447518803762557,0
FRK28,0.8265565848120896,25.47638144839618,77.95414918143508,3.4317798038990297,44.168204395381714,0
DE929,0.2285808148228905,83.09386057017261,72.51978497206915,7.899050386615343,30.228803087757168,0
FRK28,0.6558566180156002,45.96450182317289,33.30709588433531,-4.605319712481382,34.60675512778465,0
FRK28,0.7831761394400608,1.9598021233860785,9.840804615567556,7.2313128767308505,20.15829388950938,0
RO224,0.40357336784296993,39.98999504140678,17.229799367655378,-3.729684302995233,35.529377114014686,0
FRK28,0.18153173224992472,37.332926599081404,68.83907177482932,-1.4390611194729264,7.897360100163317,0
RO224,0.7934641312419927,93.57257462114491,67.24528930194755,-3.4451323488169905,30.143909928669622,0
DE929,0.7662231354982505,61.482234180634066,71.86379095749066,14.308715560521243,1.7856383693409708,0
DE929,0.44174902247464576,86.762370943442,69.40640989121792,2.316556960280751,34.23134896050015,0
FRK28,0.6139828033992256,6.48538187978086,123.028859082365,9.125097989793247,22.34769356291776,1
RO111,0.15502933363405705,20.76527853690775,139.72081638630635,14.649688112816722,2.108067638564923,0
ITF13,0.3009008635190613,68.20986037293454,106.24862768452294,11.620631034159256,32.40447805662568,0
FRK28,0.4453101220924621,34.323401302277645,114.71451880296767,5.7481601560248645,35.79825989845341,0
DE929,0.1831753387693647,96.17126014489004,95.779777229395,10.99160541904652,9.896361428428014,0
AT123,0.30641563082952294,65.08588382137395,81.50139400724109,0.5277394542941449,22.30073948610392,0
AT123,0.4411018535788832,53.737821529349816,88.01523274708114,-0.26035738777226314,12.220475662587344,0
RO224,0.18995233180821014,34.69920660538259,65.46703642578832,12.206614702061145,9.212388235796235,0
AT123,0.2770605809662022,2.6972251394369318,132.1495900230087,-3.77947346513406,27.406179407429857,0
ITF13,0.6026970553273421,18.037122032882515,55.33037763434776,0.5137932083473213,15.605104099280405,0
ITF13,0.27334211306530587,12.304385265955087,138.33113459786762,12.886926220050814,33.76785126685928,0
RO111,0.5461712978914036,7.828316776650501,130.08883118031403,1.5363122531904283,20.16232278626334,0
AT123,0.11684621643714631,84.34522941557111,137.8673091334081,-1.1351829764929522,2.328894975972046,0
RO111,0.38472223631556635,70.70994404895947,124.79469614076156,-0.22037596818250726,6.178228586038125,0
RO111,0.7542672065754531,26.64552927941335,57.50927410632759,2.692730705322628,33.58288506898945,0
FRK28,0.4600342393428155,26.694863055381248,68.20357011420367,5.481786808084914,33.08898338236058,0
RO111,0.6561042119060108,51.136242522026244,144.9295508991873,10.49962055742364,17.273236788956225,1
AT123,0.27692357149577207,43.708993247319505,114.00872562134613,13.517074930087126,32.20529928927307,0
RO111,0.2993433669726473,78.87965632307089,114.34613853620749,5.686967006856015,41.72669586090386,0
FRK28,0.1883593099267075,58.77575816697287,26.704691179914903,10.398450643766907,6.414473507812901,0
RO111,0.15998967277817588,5.617055917703051,132.5416059422442,0.07291636801469004,42.44204817383644,0
FRK28,0.27655889619393337,31.213963309801084,28.513021288690123,10.188975183074563,21.018430553788317,0
AT123,0.5747224213763394,22.738130469310104,61.40345917610194,10.659978702507873,39.493209097883835,0
FRK28,0.44120228374071513,34.263355245345316,46.461863509170435,3.3232842341578195,10.776069232308366,0
RO224,0.5077568233561899,90.75669091194764,43.2736266243131,-4.386225293574892,5.291563380731115,0
ITF13,0.8876923227391634,0.9561308629536192,25.487017988518463,-1.14566741511124,22.044421053043173,0
FRK28,0.6018537007437109,33.468545908520944,49.68167642384403,-1.5491192380396446,14.32751714883189,0
RO111,0.7307614838653221,7.258942757764886,133.63128976759995,9.923000072782386,38.53922632252789,1
ITF13,0.3091856368053183,66.19269599314977,82.25614496860662,-1.1654225278161312,14.167665084475905,0
FRK28,0.7542448881577536,14.739055374916155,117.79544865270425,4.10895606382276,16.339471537427926,1
AT123,0.14111119996160967,58.149883275582084,47.41813266365412,6.020287896944595,16.800201499396803,0
DE929,0.7385119626050929,54.243115280361856,48.771318582270865,6.454460974083972,12.437276768188811,0
RO224,0.7531582390763968,51.65857049258006,115.46773125137379,4.773752518945049,18.25291140531522,0
FRK28,0.8783244454958775,79.68739884485093,35.32284372539505,0.8413950376213979,8.176744648126132,0
DE929,0.35145193685262577,74.39014318697504,33.77930505159602,0.8749274928731454,38.266452256559624,0
DE929,0.24106051464154243,39.48495454781992,128.7675401539777,2.130351131253274,15.940357644863063,0
AT123,0.1604698484104902,32.307628120822585,31.343146501207848,-2.904552787000785,1.522866007115753,0
FRK28,0.34746655479578803,84.3427153129794,34.73064268631092,14.032690510872605,41.57334022093738,0
DE929,0.5917676941380828,14.95947894745948,103.6893594742208,5.1764693303992875,5.751577575018012,0
RO111,0.47387509759025714,21.062764214951546,122.41999580989274,6.250975677517845,38.56938461707153,0
AT123,0.3558276959264307,62.09901789455591,28.753786926697256,5.5333010480808085,41.37788214380397,0
DE929,0.1410248530550156,75.47495292199218,129.16704366367756,-3.425203952113347,9.588702138951742,0
FRK28,0.5283158231231581,3.284365853716642,11.835021536045742,-0.6098942078927188,5.796267176753721,0
RO111,0.31020224063817936,48.01760677436159,10.906516394571792,2.0163479972110165,8.398239549530008,0
ITF13,0.6698780314543249,51.80241685415993,28.278207966225562,12.669820219982018,21.19822072907194,0
ITF13,0.7373710835194365,5.686586068574684,121.07285397895109,13.847509421729931,40.498696785302364,1
RO224,0.5430783442092991,19.218409934813174,98.46071203079703,0.5421096868838831,16.14000353622669,0
DE929,0.191016175070318,17.008761499550083,77.57638101124455,-2.972683542143002,32.26804994158273,0
RO224,0.6954740421205989,27.093599727491668,74.31780918847123,7.151149907724294,24.20120611742221,0
RO111,0.887953641103755,99.66503978396152,33.89595911656595,6.127237762478186,5.147101641878187,0
RO111,0.6830433056619205,36.54821860247242,142.41921418374244,12.691481541379297,2.3187483618378804,1
ITF13,0.40246092328860794,33.1076186849902,64.87461973758148,6.858870024628562,43.8162540670876,0
RO224,0.3898862295475528,23.72573770552966,115.20150549598414,8.054461292315862,40.61112687407473,0
AT123,0.3785879303063926,39.848445105438216,117.54803428078911,1.060030307502755,33.84396737340761,0
RO224,0.7056802539123842,73.83613730243172,14.859721403246146,14.275823061973725,37.34005057639581,0
DE929,0.41550541323736834,11.045704378634024,127.0516113092786,13.46970753694518,17.7179830728829,0
RO111,0.11360251724748,80.67098160926031,17.96705501109911,12.914185049063537,11.534277906953426,0
DE929,0.12217282373177021,9.828825458067293,90.82403512676208,8.48829095827015,21.50857655419155,0
RO111,0.7122270022324202,48.593479947279214,9.607373781151201,-4.535969628368745,13.063377940078945,0
ITF13,0.40774553950913583,2.313116066316667,139.45898700634953,6.679435312914572,22.93275052931839,0
AT123,0.21963528761563414,48.03634276930706,68.62607916805965,8.368216498136098,42.602977225034564,1
FRK28,0.13628472567368144,20.7778294016425,11.684923173038486,14.70680603970067,32.93163443999304,0
RO111,0.17180759718318797,46.82155220239128,43.95185342653267,-3.051119863140599,17.93899384459809,0
AT123,0.7011010502674155,91.68466712840885,75.9646535297797,9.016954485486941,7.215804820214569,0
FRK28,0.6783317622328441,48.9104975155776,11.987534530319365,-1.1798587665396076,12.808914140234576,0
RO224,0.6422441378761454,73.66464572323517,29.28681638105642,13.583444966813442,44.791641239086445,0
RO224,0.5310157570284258,42.61503181272994,128.30186881226078,11.274155227622458,26.067489740014864,1
AT123,0.2894636208769528,56.22605215565961,122.14791268680868,11.03206004723188,19.83107942176851,0
ITF13,0.38673042701404403,98.06342164878926,140.17843090803393,14.786632850008814,15.747349801645822,0
DE929,0.8411325779767008,3.1977495178156956,36.62366534970172,11.69258754213103,40.69927180837321,0
DE929,0.17160399631823448,60.634938393606106,30.32626613511481,-4.285476626055804,37.6383631595278,0
AT123,0.34919287858955805,33.717691120662764,34.75924321544754,11.830866660077987,16.23248829302806,0
AT123,0.7274894954932183,52.051988336958985,74.75081660735144,0.2784577305685998,25.89600429701955,0
AT123,0.6824073186933963,33.53637260674566,60.273087065942036,9.014158318517332,1.8216771261018176,0
DE929,0.48497264263202833,72.11697728503742,92.30533684528771,1.6615241406001964,37.11603360862641,0
ITF13,0.46764425079347205,64.09257356016738,97.95703870848085,0.3895111011994352,36.505257392960615,0
ITF13,0.8798999739709464,57.90920102608046,20.54583413759225,9.924151737431348,14.868934925057163,0
DE929,0.4871438033905269,99.52332241771877,67.38285885112873,-1.6648667421994157,16.384701328732653,0
RO224,0.3286431676062528,29.575807023996582,29.125427086746157,3.7081078538850303,22.025451222890307,0
RO224,0.27203449882576003,93.08522214601444,148.97103868872625,3.3030866905760625,34.91256275297084,0
FRK28,0.397651854941522,70.98872171670064,104.5839941927407,5.8224678304219,16.99350505249061,0
RO224,0.14833675816430825,58.470691492749474,62.7740396104471,10.630236778093835,33.96795647347889,1
ITF13,0.8825937257709485,44.74041500466348,14.217095666966895,7.7476011736307875,9.631587500094527,0
AT123,0.7631436810041861,26.078443119645513,88.048049510523,5.167382473277591,12.213627868183556,1
ITF13,0.4358330028010763,54.222786894683786,100.7664211708176,4.095391161677833,36.44953222478323,0
RO111,0.3685058159308908,0.12573953173278252,30.459523613489203,3.8463461291449654,22.99430624823924,0
AT123,0.3143072152587709,79.68373365126848,83.01799933938533,6.68939697587065,39.87308415119096,0
RO111,0.4252754503263785,50.224889336828085,126.55669964265692,10.721931100670565,8.646412661185435,0
FRK28,0.5012530293003008,3.7954784949371323,37.31063853706233,2.0757647806711654,6.391452149294662,0
RO224,0.8463850368941246,10.844806722628697,116.58582727184964,-2.284188340219724,42.58825833378617,1
FRK28,0.7221567530837391,42.18877793296787,136.19549154254207,-3.965432337053041,1.9258643612509063,1
ITF13,0.13948562010779045,9.286792649652309,91.9019417318601,4.252557667951397,13.948220863052866,0
FRK28,0.40858645007781547,61.683582778563796,105.09670518297291,2.3982982214077397,25.20259361682223,0
RO224,0.8371102210771504,43.785598438301044,10.997542716511932,-2.3775523522872577,38.95541415816668,0
RO111,0.7787394601414962,85.71776335872005,14.343621330309874,11.604419696001727,44.66665292294361,0
DE929,0.16564117833914854,31.50709170878898,80.10132664891898,12.630131330530745,37.460001857498696,0
AT123,0.2052006921924507,3.606495261658793,72.0052520769022,11.873387511564697,16.290202045188273,0
DE929,0.2675038103629144,14.789246188278792,74.91656316521852,13.618358975298793,20.427108435292553,0
RO224,0.47247410524472166,92.53665102840232,14.919308389241708,13.851691722146647,15.307856764704614,0
RO111,0.16544087063314264,67.06499779730343,31.503714985705457,12.775407877047567,37.02447897858519,0
RO111,0.42351711924348745,95.10443360989474,107.36318077835384,6.277384857602753,8.928487726019522,0
RO111,0.6358776409725956,1.6815192397897638,32.609387889251515,11.772751655844989,14.925134173706478,0
ITF13,0.8333713705519494,85.60639859465753,8.359298659518721,9.652985937138066,40.43304967697503,0
AT123,0.7305227224688218,4.244551103275418,51.287871252594215,11.944145155124907,8.939785131962912,0
FRK28,0.14066004363312976,97.91297677635792,57.44867730437805,7.119030767729031,38.574112810218004,0
AT123,0.39165967742071894,40.85145233623576,129.50010424299109,4.869212610274198,17.772351877995526,0
RO111,0.8213128816738768,31.028335002473927,117.0968144453848,12.021734935186267,33.62264746433863,1
ITF13,0.8344708351305926,51.05780997115117,73.66151860057543,3.3279382439325254,32.55707558323792,0
FRK28,0.11273946716856652,76.08334603176917,14.134048001734689,12.40054782920853,24.061270244939788,0
RO111,0.8502193481901138,2.658090020571413,39.672577450059556,11.31585883172497,30.61508573961369,0
RO224,0.8779606915287961,92.35753032594354,73.90591127087481,10.309423257297803,8.130082759081427,0
RO111,0.17979012568898822,76.16347466636287,117.30361335187658,-3.212120504572693,10.80864978940191,0
ITF13,0.5458668264838883,50.102304908913695,20.835370218875877,2.333507753594068,16.194767103569568,0
RO224,0.6457568454127575,16.055533294537337,37.29106944646686,12.791306543352505,24.39504035271936,0
RO224,0.7161258833479272,82.53354525144815,119.3648172721213,4.861072864505347,36.08749243012781,1
ITF13,0.6447109686941759,36.372411843062324,98.77680172335815,-3.683209059380239,37.067140356844455,1
DE929,0.5739238790612261,19.063890150721875,86.89683795129783,0.6948920043209643,2.8021887036932007,0
FRK28,0.41035125980785325,81.2407513923918,92.58531862236646,9.29777359693093,6.522279060197515,0
RO224,0.2832487622059824,90.19484828859385,99.75321165891816,6.132222706199597,33.78994750696128,0
ITF13,0.7577446614799876,41.64774086719747,59.232489404689275,-3.4110984878818384,17.845327037912256,0
AT123,0.652454236456512,65.52183505003846,28.075760491474398,-0.2767462984473301,23.45687328563959,0
RO224,0.12079974151223034,70.14869706523585,88.4101230301383,10.571353461278324,9.163410534053611,0
RO224,0.20796796541249593,31.10412332325524,113.34232319834514,6.724380425976497,34.20860260534143,0
ITF13,0.36126723972807795,5.108104620050402,86.57516890854608,10.090619999093306,11.443610003929702,0
RO111,0.7370802242193919,38.76679361888494,130.70443754924824,14.095685415588697,26.249696808313775,1
AT123,0.4512250414060478,80.57335980958842,55.018700742277595,13.53879556573066,30.061507360155964,0
FRK28,0.7867580045317115,27.952810957022077,35.4118383641818,13.856688189556724,14.973681621977477,0
ITF13,0.388287740116925,48.120830576525854,29.07975075415463,4.85415246352192,18.35638357574818,0
ITF13,0.33668374126436157,85.78977710621595,66.19815324357162,-0.05651711719380792,26.099197594471754,0
RO111,0.4993587281137336,52.0110823211463,38.150170613127834,1.7185620519320244,16.30530013330676,0
RO111,0.28291328122967907,68.0026134451169,33.78403826974206,6.216818021625004,12.715040417355315,0
ITF13,0.42941550888555113,19.750607252588427,83.67529245164118,4.376665021598967,24.506087144166067,0
AT123,0.20314384379728934,48.87259215138388,75.73327678663473,3.0347820757630792,40.341190249875524,0
ITF13,0.6288548012459778,97.34789214842183,27.67042266206896,8.43372998012002,43.49891679003503,0
ITF13,0.20402266744347833,47.61228784866187,20.087533997562883,11.100682774870101,1.5557570609709237,0
ITF13,0.8027217067828043,6.91014068746576,58.03539029946087,-0.38152594363928216,41.396368698766395,0
FRK28,0.7946939071042209,60.42491391994096,7.703522432207382,-4.324250696630956,40.381315589036575,0
ITF13,0.8119690957392389,53.974723389498514,8.232573551700023,13.43342764658177,6.373525955293604,0
AT123,0.6289741997313707,80.41604136583486,62.959575461446946,14.159797722533295,37.220554338947636,1
AT123,0.8180777758769664,7.1910890061733905,82.54435623227427,6.639147171393763,38.43202733883452,1
ITF13,0.7328635789332466,91.45437929595899,59.57112003067323,12.71665284226643,37.19027888823722,1
RO111,0.6540888688049662,38.38287436621724,75.46401832217349,-2.6214524707821685,17.578829226184286,0
FRK28,0.406094833135063,42.43402284430977,30.31350888592015,3.8741770166843317,2.3501244431160546,0
DE929,0.7822010645256732,61.59301410365159,26.96706374698863,14.833497297039727,11.67173589765257,0
RO224,0.7870657933995288,4.641851437764455,76.48373321876907,5.937368686874461,43.92519333282211,0
DE929,0.5966837129444461,81.31639393709717,10.528023557928067,6.57400644196062,39.43088449291907,0
RO224,0.24848714939776642,24.2557436909416,121.93583796554717,14.649365242256522,23.529538034328127,0
ITF13,0.18618097061970904,29.51808613892909,142.19909019739146,-0.556909522310951,9.066244831924138,0
FRK28,0.5307281015982407,75.76667855960815,144.77835919826586,9.562920076431931,17.073257048249143,0
ITF13,0.8799371831889163,8.408781903218621,94.77197052952582,2.523407552608572,33.22911957378511,1
ITF13,0.31313065274989405,26.903020397737144,64.01363376753153,2.071253047877846,25.621335285571753,0
AT123,0.6993228802085079,48.385986680123516,76.68155964316654,13.237485960924658,38.900763265269376,1
AT123,0.7787943046060571,74.06908443295211,67.38724278762166,-1.1032382322190815,21.0895438582453,0
RO224,0.6900541417406717,74.36485440320185,148.36306036918975,1.5962144519242045,30.430456956256844,1
DE929,0.3088280448064753,11.369731378504156,101.65957798942623,4.740608445831844,1.6097807080148834,0
FRK28,0.12556793628275864,45.032637814512235,68.67092811173477,10.970373604652215,36.56824321676417,0
ITF13,0.14564707289899365,16.951703751260283,127.50487938452525,13.75127554789832,43.80939002627017,0
FRK28,0.6775327395965374,67.5465570655524,115.58811797529059,3.6000808642179987,43.31491515175006,1
DE929,0.6048608938973354,0.02359921234885709,14.601070314151315,7.977290294972699,35.65256367170998,0
ITF13,0.5343274882851412,37.220888484112294,85.56502323586616,13.011077974787447,10.961797948102056,0
DE929,0.23454737714121682,92.97962019970211,114.8674743670781,6.73798503763485,2.4714450714358254,0
AT123,0.7999222080709905,34.3447165467078,105.9136748216613,5.283487471695398,18.18611475706021,0
ITF13,0.5767327065945458,62.952734526160604,39.90286076150269,-2.5186495536029363,22.167904970185454,0
RO111,0.6639182080180162,14.74771399747884,96.59284978630573,7.603785990052874,6.501063296799913,0
AT123,0.35551177261364686,11.80922500850995,95.67899190730222,9.00096375555023,30.575790868882564,0
FRK28,0.7486475309951967,29.44852162705336,78.15649225488258,-1.28380547109481,23.688189479420526,0
RO224,0.6812706881679401,71.53946826370145,146.74809506362197,7.716397237125221,43.90674589584375,1
ITF13,0.131852612829859,98.92821937759625,149.23295135021488,8.584402747084054,27.974802176698773,1
DE929,0.3711080131161134,80.07960127386949,90.71142352680427,11.28934076031181,27.08124885582574,1
RO224,0.33838519120897353,14.060831548746954,64.65365691129873,14.38434421978016,35.28411321340462,0
RO224,0.23050796552505412,70.26438158824678,74.51498059598599,14.178884915945837,24.76679382018603,1
ITF13,0.7076804478197505,16.17913753900446,20.725670098160375,8.974041910325713,32.40923721104207,0
RO224,0.511317893174671,20.3048567363196,106.34380966733258,4.577167046623874,14.683791140620873,0
RO224,0.6632183842889157,33.906658240944274,108.84155482838914,4.604901269883616,5.397477417562744,0
RO111,0.29461831255152127,97.78714849507443,70.82007345551874,10.413115833376965,35.00311970968986,1
FRK28,0.40397276480756006,14.403402667019183,31.81078593973189,12.540129337253976,39.566153507088046,0
RO111,0.39704431231633885,55.77762310042426,10.582373396577937,12.213527671803583,22.983679449192252,0
FRK28,0.45298026383686385,65.33250066613249,73.23560978147256,-0.2013444735995389,6.395544883565142,0
AT123,0.4146678505166609,43.31252110118764,26.708512065283852,-0.669921879321576,37.50277357011194,0
FRK28,0.5245449340371127,97.26978030976639,142.9255860688229,7.66485870014337,17.843336353914346,0
DE929,0.3908797466394194,3.7903966487142116,136.34797206453933,12.416444021827388,18.14265634720652,0
ITF13,0.8609691119612592,84.90605638294,132.1557260383397,-2.3823996285052274,23.22489255113627,1
RO111,0.49865758823675743,43.84013846620677,10.280390967786879,-0.21910318965853115,36.341875881858904,0
FRK28,0.43106463985667587,51.463274274267704,39.78360619960428,3.328792379275196,27.781356916335135,0
RO224,0.6702215778122228,16.81683897299657,110.26201489805058,0.16361613194296787,41.03320915307547,1
DE929,0.2377568648094635,86.77536481828172,52.78666860822342,2.2223271583433624,7.983847682336405,0
ITF13,0.4407510957672689,24.882352427250765,138.02667051181294,1.8752999211536014,5.477787276882707,0
AT123,0.4900003677665522,69.9633424370101,31.909180970861456,6.333212605344453,33.205763777558985,0
RO224,0.5771860738003703,34.65432500814973,117.81229268412665,1.4955984190294185,21.124041839899476,0
RO224,0.5861046503755468,21.517888474444124,64.19478130378465,10.542715949959776,2.576543791577856,0
FRK28,0.4157167777536429,59.91004234498758,112.87991125902732,13.15060331123702,24.985994294779605,1
RO111,0.321127310717859,79.97083300234206,30.09179671733721,2.4668070266627895,8.769750400359786,0
ITF13,0.18038626231910515,9.719657995207731,40.25875253606765,-1.9676698405279525,34.92076771229179,0
RO111,0.7440500403939238,32.75310331124589,76.74987482620317,-0.42237123761752926,1.7229801076781248,0
DE929,0.5078361704023767,7.342916091174501,42.4860024265344,1.5862275280952076,39.73195600691378,0
RO111,0.5684426126591102,21.56338590650736,114.71016733076908,13.069251582795221,22.776335789951318,0
ITF13,0.1681860150489019,38.68976793104496,34.137996473312896,4.42668093337714,19.694163899397427,0
ITF13,0.652135043915471,29.19005355188392,36.832305825930284,5.503282942602466,9.368835958107194,0
RO111,0.13016670591267296,81.10025441744581,40.66746722812752,12.422778308112232,44.68473390142148,0
RO224,0.6586536396394009,3.991018168595628,74.26512434563755,-0.22515381040120808,37.98201680463961,0
RO111,0.6420033225419474,99.32847671312098,137.11456429229503,2.4613124481334907,6.814264600484072,0
RO111,0.44538763192598985,26.755219745176483,29.900368341427814,1.1192115661892377,22.358025973284505,0
FRK28,0.32116466779275205,5.16030645877491,144.57576695882068,3.4559119470303266,13.188902777614372,0
RO111,0.2597193670591665,36.69804174898515,54.429356737728966,13.530617047132061,34.615170579030234,1
AT123,0.6031195996646842,81.93129557035049,97.42322527758911,11.016574739101532,20.860548339727426,1
AT123,0.7045455189076825,73.46836871194576,93.39472539083495,13.95272089476757,16.13320274203411,1
DE929,0.22811863780551347,70.30501518063633,110.0248231407833,14.698828692196091,9.830913673589222,0
RO111,0.7638646541201248,24.59828028315045,138.48794321368277,7.673681702815946,20.47425778155489,1
DE929,0.43500611026991576,29.703656126839196,39.93847390972272,11.04673193864653,32.97466293852112,0
DE929,0.699225967673796,92.018412419711,140.30385262476452,0.7432715055303891,8.399523486962378,1
AT123,0.6197742124093197,52.95778366809068,55.61135896414663,11.434989264104011,34.06685477359018,1
ITF13,0.7849233788609112,34.817129785466726,84.8275664964371,9.43351627551726,13.644332529282574,1
DE929,0.22346887569419308,40.31391758302778,2.1461409091059203,11.076705146558684,37.59312423687274,0
DE929,0.4346814889165528,41.40245072278047,20.70563544234123,6.233945656362884,25.457610021379224,0
RO111,0.7470049193144525,63.41096930281422,53.125220354199,-0.744888823135752,40.7427477385736,0
AT123,0.5975601287181745,36.41938651465851,126.55494993189824,-4.120820496280617,9.420895649540615,0
ITF13,0.2372319405052509,0.6997381651019929,109.40216559970918,11.57445094700567,36.129081163759366,0
ITF13,0.7366754180515462,94.6466712259977,56.088486064310004,4.878237900581562,5.743314731872596,0
AT123,0.8403748091045545,30.01981664277691,28.828517713150042,-0.6658378628871837,33.301776120082785,0
RO111,0.20256083311964526,74.07149239766063,132.93428171051124,2.1359128831762453,44.43827825458973,0
ITF13,0.15746616811353809,11.144310074073028,101.34081950132763,4.545816654914896,17.931210553852807,0
FRK28,0.41485047654737994,98.0719556929929,66.88571338256305,13.551471674078584,36.746301423536124,1
DE929,0.5159228794788612,70.64048122504937,96.91223751796345,2.4471102787757655,29.16680224050948,0
DE929,0.6662774464326271,8.065793018883749,47.48631901914381,-1.8320560975421407,19.478463677301175,0
AT123,0.4312421860709281,39.09911056192262,135.66988461646838,-3.9029377339890337,20.413084906884844,0
ITF13,0.30007863359436027,1.4140792139524683,89.1834376302952,-2.9959037942403,1.505808491153021,0
RO224,0.5407832621221712,86.20630156903695,3.976018324695363,6.183648340278793,6.028251313168157,0
DE929,0.8406899864201739,96.31294945526002,44.43785138103244,7.819656552455145,15.822755553516512,0
ITF13,0.5333344464393909,63.936426152797345,39.87331699641306,2.222859790518781,14.612443869824641,0
RO111,0.11519891685797959,78.04459921958421,48.84192888756772,12.075400551573857,14.964710511684752,0
ITF13,0.777202607131324,86.96602077270512,24.57662203960887,14.840208442516282,28.439791236680072,0
RO111,0.7085770646212189,57.58068160201263,132.62392563901895,12.445123959456936,31.076495082676733,1
RO111,0.3954922017718966,41.2932389695111,0.44974545737860305,-2.2641890304118695,35.25611600041027,0
RO111,0.29775203651089577,97.70928931591646,62.396392420230704,12.003985779380699,18.497819714875856,0
ITF13,0.19307337801440588,48.85672952485124,44.77792320146904,2.356680185736904,39.60716145169245,0
ITF13,0.4716692835538945,86.44371063463201,111.04924915551692,-2.9956583992822994,11.363123821824653,0
RO111,0.6549640981471418,4.518977967219595,2.1494369695023385,9.199392196224172,6.097462746430771,0
RO224,0.7708443847988774,19.688554184027108,117.71064035748691,-1.7868101701756833,27.00857560942378,1
ITF13,0.19320547879706773,60.32905280490415,80.8129456051359,6.081469683724087,30.468328247538356,0
DE929,0.29374178048610544,80.61527065403439,114.44657586870063,5.657658305493351,26.72708422514284,0
AT123,0.23279599562040199,59.52125006193917,85.19324273880011,-4.345472593397837,15.113872827966292,0
DE929,0.8573180304356736,25.953381711092092,36.38426406275001,0.6701800178973905,3.5062489260937175,0
FRK28,0.5109456174007251,17.74229384630991,145.05405629312813,1.3780849156249664,34.13966308248684,0
FRK28,0.10825790247059164,4.992489395439536,95.26691847183999,11.492813506133611,14.205127162763109,0
ITF13,0.5251269481724963,4.59645149854504,139.7326328008394,0.5040545306320059,7.606698717859356,0
DE929,0.25386027399206545,54.07354002237732,103.10824018633703,8.352854886807108,2.353312568549587,0
AT123,0.5731905831123619,14.149496277828932,42.99629773006467,-1.7063161230987611,27.849167902067528,0
ITF13,0.7834331663565733,56.04794450516363,127.54840417011044,-4.4137949900822715,42.09756949789788,1
AT123,0.31417318173933817,26.230279145487778,88.5556641027888,12.852916065245886,5.730505385157826,0
ITF13,0.2369446821072823,7.389735692405541,108.52907561429316,9.792684440389557,38.41102583052385,0
AT123,0.330662355571412,17.284691914224926,65.31411571317011,1.4228105941762674,29.997350371093233,0
ITF13,0.8222637059895739,51.66399625239034,80.80097567537992,13.023141989533723,19.96965420257024,1
ITF13,0.3806651167669487,24.35329115875664,60.38964114473754,-4.563482084058597,36.9488108532861,0
RO111,0.23355701552666464,49.96336694630341,147.1797484076889,12.422793524489627,8.401956400783911,0
RO224,0.5398955206601429,99.69612794007229,113.55503359216976,9.770002071095565,43.24299390312862,1
DE929,0.5954331895835814,42.81502926586046,9.18083728284934,-3.733169406347323,37.060214217787696,0
AT123,0.6947925271353204,82.03177822670074,106.39174643737573,8.744443171827461,34.45966714619394,1
AT123,0.39796087206706987,18.982235380452884,114.23267308067254,12.930095862906299,8.656397451646681,0
ITF13,0.4538358538449353,3.945132528950268,103.98656725425329,8.50319983588423,19.259518619703105,0
RO224,0.2659791640093804,82.8705408852959,14.68313835198437,0.4563598456503133,29.132113667213076,0
ITF13,0.37260605524521007,38.83943969468814,147.93016018072944,11.807518689992612,38.71440132981727,0
RO111,0.7786350316197929,80.50987009590044,139.60873046321157,11.169281043890425,38.608085209354634,1
AT123,0.7255834729929673,2.0430852157979684,9.728829135971594,2.781055692835608,27.93407287512693,0
FRK28,0.11287018172023729,26.490120366859404,18.522992170702917,8.0204932787044,30.56279648783909,0
FRK28,0.20477793266235464,43.42266359174375,125.1513237427458,-1.6815232114990453,13.855336625816353,0
FRK28,0.5888252026026015,39.89866257649434,87.44823169830984,0.6209690119494908,37.62029766915265,0
RO224,0.37103681828873936,73.79762814578433,39.944022465798945,-3.194826909162014,10.772526178774593,0
ITF13,0.5019672336449328,12.38457428984635,56.89053310357,0.7449091391064089,31.41525853952109,0
AT123,0.5573884911543958,31.33231654463604,29.77953409048007,3.54504678900442,8.75785000592802,0
RO224,0.8702537729390595,24.30291440781236,90.72056665272018,-3.7034761542726735,27.93599270169401,1
ITF13,0.8441737318466211,76.7591558153579,131.6317920688185,7.497445787238078,7.116646511159791,0
AT123,0.4357683258248447,97.33821025903754,95.04577680979024,2.708878299522148,35.73124674453944,0
AT123,0.5890024209077429,31.725629534589185,102.51732426327393,13.248536729070342,32.01410642414119,0
RO224,0.1847225074112151,72.73884192728252,17.475590724210953,11.129088778712724,12.542400982751024,0
DE929,0.43090455793465665,89.59780171329606,2.8121894007704706,7.156243566944502,23.73813472358737,0
FRK28,0.5195562934565843,30.16429936479026,1.146842086169425,11.087877843683447,34.833376918725016,0
ITF13,0.4258153197585166,13.183169592576082,118.65191871630431,12.051314786345277,38.199273006234286,0
AT123,0.6412180080494437,50.43736067326145,43.49457969386849,1.580579147587171,17.106765899052487,0
DE929,0.566052625322983,27.3590354399047,107.04631271149597,-4.713718984495838,39.694250181020315,0
ITF13,0.3642386349559521,66.68242546823755,116.26271009550929,3.4306495485489297,40.7860341621343,0
RO111,0.14417729165840243,45.64596693199159,69.2180997719626,4.168499500131658,11.669459242291477,0
FRK28,0.3143406428964135,98.59236363901375,90.98717615936692,11.589266148132726,16.80926954455392,0
FRK28,0.15158618033810234,46.07815646011074,33.540699368306136,-0.9161178383746682,27.663336058978263,0
RO111,0.6628948189028973,74.16448911677033,23.149920197668354,-3.2070437751495295,13.160894613347098,0
FRK28,0.3182215809285508,21.228104210351773,67.01591439487352,2.331857166745719,44.09160070952371,0
ITF13,0.33487394121653413,13.15362625265456,106.59849467691863,0.04808883638921024,38.56708499636994,0
FRK28,0.6402445750650425,31.65236388701107,88.72590344110637,-4.492406721599336,1.9504933553462913,0
AT123,0.28825413857381843,59.47026237088483,109.096931180871,4.908273377242949,6.222551967793153,0
DE929,0.5825243375604429,54.85076008312063,1.4638843111922484,8.538177201585068,11.924103386103253,0
RO111,0.28923545817163887,38.61276250626792,9.871590228131522,13.962018327726994,32.295362542394464,0
ITF13,0.47461036604105566,50.0682714834422,76.33469417002478,7.986589943663267,15.131689490091532,0
DE929,0.6266168221121965,91.83783176039142,122.69129582662845,4.54539346644383,30.049953131506843,1
ITF13,0.6310994520747752,36.05035899062694,38.94719808586149,11.123214636005514,1.8296346864476365,0
ITF13,0.4304882072594931,9.928457077436859,114.61579266334313,-4.204715785749573,13.198175462592358,0
FRK28,0.14454828064854575,49.05989160436227,116.49036312230139,12.896186621889903,3.0569944486893164,0
AT123,0.3450808179459547,67.40591440385172,54.476700718275225,-2.6436533814022134,7.524407678676047,0
ITF13,0.4746587920745604,5.887270432399438,62.98747893051623,13.195901194127163,2.9151428335607514,0
RO224,0.4680770418200585,16.854595530100667,114.87029609635962,-0.7548640425209392,38.85925341300339,0
ITF13,0.2410704587670039,75.2133613311988,121.3807364306575,14.922640469328176,32.038358094166156,1
ITF13,0.10866261005916976,4.266556118970566,82.44360117097143,-4.7969118995686655,3.5754890410500932,0
RO224,0.2398786975288724,68.76675420785699,114.65881343969497,5.119093635168163,41.56293728032545,0
ITF13,0.6231007760669612,37.02564099860811,75.72178020815366,8.667375632652796,22.34550192978144,1
DE929,0.27916619452611446,42.47532356856182,27.37157053702638,14.395175496985061,5.305728289338114,0
RO111,0.7110418644957266,97.91800270548892,39.87237026877926,2.535150170575249,7.457318974129112,0
DE929,0.7617074902162426,61.793018355472164,110.51972166321718,12.02802428144523,19.79768491637413,1
FRK28,0.31171283526256865,41.71263204343481,108.13967975726915,3.3036765000692583,43.48173830176323,0
RO224,0.10288557990772268,71.16738048914897,21.25937240078436,8.284369025228159,39.18853620206073,0
ITF13,0.4696726198167811,25.85823257155765,41.37709346515678,0.12753021618158833,42.55996168404436,0
ITF13,0.7908062910085564,55.06480334257261,99.79624163970512,1.751028733831017,37.32239523365147,1
RO224,0.7839006597311718,44.78743827345173,36.794044966519465,-0.6962818229055756,18.740467128717814,0
AT123,0.7748313664073487,40.483767871966116,95.80501273963982,0.47111682875527094,27.434303745765625,1
RO111,0.8481814805788029,62.3621073314749,108.94124785928108,-3.9286726193130006,25.01130426006601,1
RO111,0.3409645675565881,19.294636822494027,14.391682472565115,-1.913575680244639,1.4786996455738617,0
RO111,0.7519432853700548,27.741637990389258,52.53029598739745,9.822408573641974,16.200275208875027,0
DE929,0.8553303129567095,40.169073996012536,30.817936377986964,2.9632267137365336,22.482976097535296,0
ITF13,0.5718969975481228,23.516509890629788,40.46516052964625,12.385424701488997,35.90167538482154,0
RO111,0.702277780842712,10.96758832740844,63.05183399015381,6.139768214768971,21.570878836591305,0
RO111,0.7862657778607222,46.75596975512853,1.7831392983050143,14.654323576175873,12.477031382513882,0
AT123,0.7962298588684301,88.41682213644391,48.25267920101028,4.429060341013164,15.063963026680701,0
AT123,0.3228907403382498,31.939633724974247,117.07692517011853,14.525083611604078,19.460244560428347,0
ITF13,0.2486348714251423,38.348332370450464,5.6217905576718135,12.413741420461747,32.04418437726763,0
FRK28,0.6174930128677458,50.11404521884724,71.2005197471989,-3.858232094612881,14.63485503481813,0
RO224,0.66424296773489,16.157204255629487,94.00671697073463,7.265015614791903,18.72231527022868,0
DE929,0.4766650618897066,50.65867495046592,41.957104868627255,-2.4070504873836684,38.73899127120593,0
DE929,0.3119169586521744,35.82518214582572,68.22136866876532,13.669395741415354,11.89285957182458,0
ITF13,0.5535916859018214,28.697809281559515,48.09756379081228,-3.305694513347426,25.22518013007603,0
RO111,0.3297020601528181,69.72234023991327,7.2038858914100725,11.636004532755166,16.721308706622075,0
DE929,0.24017447855947252,73.1139030515061,53.8895293322963,13.539967913466374,25.422423438858125,1
DE929,0.8431496487773048,14.063265452505991,108.37835048520908,5.312555378168849,13.878892868193391,0
RO111,0.672064433844022,95.73350391967782,85.18102848431653,4.834377348464638,32.9281854126734,1
RO224,0.6189618729285817,63.48571066354277,10.033213609560686,2.6843171535938186,13.952065299165401,0
DE929,0.5137025736604734,41.93922373659325,119.22375747144596,2.547785013450195,31.948373981958103,0
AT123,0.7144394337612802,7.332516026503155,48.86713512533486,13.830108401924281,14.082777693049241,0
RO111,0.45456684745014875,92.64989473779652,122.4659994848119,9.258993373201672,43.21987185861076,1
RO224,0.6202049968378158,4.228863716217324,137.64402207911473,-0.7124180049482192,34.339271634137816,1
ITF13,0.573161537987958,72.6013910230093,113.75440156739332,-1.6520280108966023,21.491143763304255,0
RO111,0.3753889243934855,74.65831283802635,72.36409602725386,14.560003722109641,9.562096215714455,0
RO111,0.3979603355114384,65.94549191510983,123.77126903865505,-3.594957215371799,17.35041739475492,0
RO111,0.8972128812640421,12.70673222018316,23.606579821139555,-0.35539679318271666,41.522515534034326,0
AT123,0.38249412908980895,52.73365485138166,20.326426049256757,5.538351271942615,17.242977990328033,0
RO111,0.17207665101229797,4.106008272809902,39.361350708501526,5.766457877608646,2.349846203956109,0
AT123,0.8198669252220068,91.39797646915615,120.17301495908235,2.750315382568118,36.39505765063821,1
AT123,0.5445456407754584,61.66764116035962,132.64561671342625,7.528969967241316,36.14645326252173,0
DE929,0.6465841394216263,14.817018151736406,121.45839723320678,14.252135745326342,6.032505825703302,1
DE929,0.22794748280367338,19.006953408014716,63.351818814246265,4.935848586787364,19.02001807317252,0
AT123,0.6460041571924309,9.47819297378728,133.3991607167515,5.4177693483094345,5.694239702307808,0
ITF13,0.15439996831955077,87.54955199618237,87.57589215905337,5.727514686291544,31.363577100052208,0
AT123,0.2610215390387328,5.5724616440723125,36.7654136552588,-4.908833230478784,7.402885048605061,0
DE929,0.46490724934838656,3.8128380290636255,45.81186227601267,8.34869313219749,23.515020837732642,0
ITF13,0.40844361169841803,0.7675956862306932,9.927368068105297,-1.3816212490262392,31.24539612109235,0
DE929,0.13706314843772943,32.24563083212616,99.21840532968017,4.172767052807222,28.182045661690186,0
RO111,0.2302517872122105,60.41729917436845,144.043310270739,-0.5276934507147129,8.527460965929832,0
RO111,0.15034307672890368,58.81161491944676,123.76057781393008,0.0710194164618505,23.884073411652107,0
RO224,0.15608026128330554,9.11739880932705,139.56266343043723,-1.2477918534965227,43.53710647722485,0
RO224,0.746896542223466,56.430620507100734,10.32509350741777,10.94984010836911,22.495623399548528,0
RO224,0.8932895908107031,7.866750536473055,29.900341531594293,12.288358271884213,39.62068594818151,0
RO224,0.14967402016943332,24.28580108066364,74.53900830935181,14.149486319795173,30.74272063421338,0
ITF13,0.6574954096024495,5.85899620088528,21.92469906217917,-3.783672294817988,15.47256279578053,0
AT123,0.5218479295102942,41.043158313168234,39.867541632409626,12.410813492303163,2.6333111857736275,0
ITF13,0.38405667144854116,80.86840825467877,127.03436493997215,-1.7379668064941134,40.16414068214895,0
AT123,0.8137064644931544,62.49328174856657,136.3655472392237,-1.4214077898164401,16.02434055998693,0
RO224,0.7253198054446812,34.46793760597766,115.864251509101,7.177055631285764,6.446737014156607,0
FRK28,0.7470906622983773,29.641226603609148,149.64089984471403,-1.9365330884051701,17.29435121532419,1
DE929,0.6768419431680288,59.380418860195135,37.949288314068596,-0.538471580324897,17.37261488966407,0
RO111,0.3748972456675277,4.623270924645517,85.12789323585805,14.883861147723547,5.9403217529955725,0
FRK28,0.44297371054201184,56.490717556346596,55.04574665158311,-3.239706097358901,27.756722459118308,0
DE929,0.1635947948607071,64.55746720679883,120.68526289328089,8.637252429477691,29.374430031786574,1
FRK28,0.8363310717310906,81.95594008616058,37.400290128710864,4.654302485799416,38.172826054484084,0
ITF13,0.3499960992889374,54.92446863790617,41.259645527246136,6.854415506827484,35.099896050432974,0
AT123,0.7916448025501885,47.290556534278416,64.68961381224399,9.957888963368461,17.919938257232175,0
FRK28,0.8886423958349594,31.128362889298423,106.71064742049671,9.278149266639087,13.903811980609209,1
RO224,0.5532873734267101,51.867597717486525,128.42964435103792,4.666705699734944,27.00242035658421,0
RO111,0.7640593700019278,19.013137098494624,52.65307287669546,14.160987795434917,2.878548218658453,0
FRK28,0.7516016081242475,28.765366468871946,88.253407422183,3.0507975363323716,20.274937741151096,1
RO111,0.8151674617412427,53.31989503746698,25.616438811570113,1.0501780829807288,11.456916806357677,0
RO111,0.23815587837639215,36.72913317978055,44.92618309987289,4.992969663447882,20.314162679910613,0
AT123,0.603245570489408,0.36049291624665747,23.38754069456121,13.61494756454362,11.670125708569568,0
FRK28,0.3262538355772947,79.92176983409102,12.168044065502691,13.533461864673036,32.22236548209253,0
AT123,0.713410279806311,22.81688948682077,97.1780448470372,5.366635968452101,25.94758677809327,1
ITF13,0.47078972411523456,12.698337739265341,94.82537922303447,7.057007101811955,27.22677461338701,0
RO111,0.4962704892145554,9.90687072723423,80.56658948029902,3.4889852747190666,21.253162607280238,0
FRK28,0.7231125588645325,31.806038392656966,52.21958453744625,5.542631985595349,43.699487434184064,0
RO224,0.838295314258528,3.8198112515450355,3.5101346907488007,-2.4199178294153523,4.22534615606347,0
FRK28,0.23743011823503882,56.17733550252656,128.02442388630544,0.3842664292783109,27.477020318039262,0
DE929,0.3031326412774762,35.73915611231605,25.54443030894134,11.267780012937408,5.414909161495853,0
RO111,0.8042819458458002,82.71921907892626,118.86146494867822,-1.9794426898211581,32.56642710618722,1
RO224,0.5974498304297641,98.91972742819372,135.73380834647836,7.341312629824884,27.509634177247012,0
AT123,0.7740391953314787,74.26457089362243,48.52690934500557,-3.6683730057629726,7.5961926687769115,0
DE929,0.3575735615522522,33.289220076948034,148.4173045878354,6.941685659205026,31.227892556207273,0
FRK28,0.8244856850368435,89.2006380942833,39.2090224707041,-4.895657074496656,1.4486746204692191,0
AT123,0.8515339828888334,42.18421641074516,13.377466385988301,3.704428594530336,20.393440713847397,0
RO224,0.6338451041859691,88.41119327013391,62.831318154295204,12.425822321560716,12.697924118416559,0
AT123,0.641184570343287,41.592198035031245,38.99619119361838,1.9668465099150207,9.5359222265404,0
DE929,0.17328124015458304,3.3695136259879743,79.7830886896662,6.677816688841574,10.695646223468982,0
AT123,0.1973015465719583,71.04443482559434,35.50679306461444,-1.6344781253083673,12.709312104347724,0
DE929,0.26955847658967513,46.66622424812129,30.06377622946328,1.4308915603728956,9.055794944281669,0
FRK28,0.47402806340179604,4.196033638074448,103.23987049046747,9.199584117989936,23.78722202093712,0
DE929,0.17304204612054858,82.91095560881972,83.41910111668155,-1.6517074244601337,12.4170011779747,0
FRK28,0.8232694146203147,97.21321281479273,99.89223748178848,0.248797164709873,14.3660996262726,0
DE929,0.8092761818260094,39.84291486350848,69.14833582109071,3.326014668940866,14.181841512811566,0
FRK28,0.8341308095555264,19.305387514118,74.22699563168887,4.686622268673533,11.182623791019639,0
FRK28,0.40899452169581585,89.80163414318969,32.33063482958167,13.874841860445585,33.583055439957455,0
DE929,0.648343634109968,43.31107171002082,43.762847984313574,-3.866399063000605,21.58360824680429,0
RO111,0.314060895614384,88.63102639893148,139.57941960625192,-1.8256372552690836,28.772821460522266,0
RO224,0.17726389732078252,68.54071593286795,33.35336718409834,3.4371591524164344,35.108902884977354,0
ITF13,0.7153989650692957,35.768573558289205,72.98837976186736,-3.556709572089054,8.54552682956527,0
FRK28,0.24167718348054193,51.246816375041746,26.342527085399386,0.6440894747883386,8.183565212352484,0
RO111,0.19585666878178618,23.11575616118825,111.64290992100536,10.215368286554545,11.327075176556264,0
RO224,0.37925220290571304,12.974043240295929,71.0171858504431,5.76757835145397,42.94390936368512,0
RO224,0.14179141613356291,15.384654069197644,88.38613968616602,14.26319418525416,20.43475650375233,0
AT123,0.8240272471544796,82.03225328024723,37.55030431479439,9.115474539469258,18.857796787284204,0
DE929,0.3699419479600432,43.93364493037281,113.23233815308137,-4.221211598932271,12.954303266788482,0
FRK28,0.413251723454523,94.18263754274177,132.9447731825181,4.59455418619401,37.89586700016843,0
DE929,0.3138015897456697,27.26379899350766,35.73270412082265,1.4250788196555746,1.280402543161982,0
FRK28,0.24051208639969604,77.26013005631452,8.946814523447145,14.54944697470198,23.96930864384576,0
FRK28,0.1517369026765435,14.644862205962584,13.428086889562552,7.187185519018771,14.575106761250552,0
ITF13,0.6815867932816084,61.3677536674703,147.28919780170762,12.870102484523603,26.033337873726293,1
RO111,0.34876926315162526,45.39413872192266,136.43110288570293,11.008261899719109,9.802716988221345,0
AT123,0.11994371432921175,65.43205056858949,134.20142875475503,11.127207294263751,3.623641016466878,0
RO111,0.18342933018818083,95.28194704547064,98.84651623156105,0.02312653349488869,8.399993909399836,0
RO111,0.5821258078009309,58.68572082382263,108.84196213783149,-0.26086693325025667,23.991142076063177,0
RO224,0.6595529541146586,18.850608767059008,75.58314516452775,10.80931949485575,22.96776626210298,0
RO111,0.5776827413066042,53.290392574382814,43.69905696397208,7.098990911051011,31.112417470660603,0
FRK28,0.6756833474326895,1.4691029410830336,8.04441744142132,13.438200072558093,9.607558751372878,0
DE929,0.8323383396232357,4.6745174291106135,108.54332349327225,5.334813461815726,23.482826587859712,1
DE929,0.18952411483976297,62.42294300600444,31.61026830674727,12.815002898797832,25.56697042759701,0
RO224,0.30137464415412596,53.53621736820371,102.54001711444003,6.2976439041517,43.14455055713759,0
RO224,0.6891677653125079,19.570097636519577,120.17155850003657,-2.128442886003894,19.245131753441814,0
ITF13,0.15231617234127395,59.59535265296202,10.757666530930992,8.659179886928106,38.11807757753682,0
RO224,0.5089470066332632,3.909741745983919,60.66528889962124,10.892907137794621,39.622164893055576,0
RO111,0.5359905966999953,63.217838768690385,25.471573161985205,9.123906265831234,39.112451055832025,0
FRK28,0.7908565646710655,21.389464819509595,127.56121552013124,3.1375875945252822,26.34420757077347,1
DE929,0.13525462454306547,82.51582813531941,8.01224398424219,13.319677523519427,16.905489978364955,0
RO224,0.4605456635567112,81.72333851201353,7.0173329263148565,3.561812940656715,42.03902142563496,0
DE929,0.8155011176340724,27.80500198992504,121.64559962543501,5.14791855872987,23.4435185090028,1
ITF13,0.29795386832552834,32.228154500268225,138.1791148715602,3.0986199103910455,10.85134161891523,0
DE929,0.7944410316087741,76.403968971688,86.56531279124674,14.642482699462896,6.482065170581627,1
ITF13,0.1759775985956555,52.16423477399316,37.59956994635345,4.949750843812568,42.33982142893374,0
RO111,0.6707050858680349,59.58702908292577,131.02013368202165,-3.6025025781506814,23.42332782371094,1
ITF13,0.33041376140391154,69.77312127712469,24.29502689631588,1.2549219405595968,7.9512323293954195,0
RO111,0.38410544668965685,76.60791298843452,47.254378807356815,2.7318037356045206,41.957981530124314,0
RO224,0.32121884977646087,29.681565122356446,34.697823705884325,7.198854937780235,13.530430355081576,0
DE929,0.436598809651353,34.86686598296858,2.481572541962773,8.262143150991442,32.95854055797804,0
RO111,0.7389845860690843,93.8000746172175,91.46679355649273,4.649437534633972,3.9732695758549452,1
ITF13,0.44878958824932424,94.32494198905677,50.87566126794949,1.9876369094315578,14.257514121270706,0
AT123,0.7558643714353409,25.280324720307846,94.17833093558117,6.746197822251441,7.245974309341359,0
FRK28,0.2071163090520167,69.7171985497149,45.63166457316344,3.728154292329922,19.421367402932226,0
ITF13,0.3299485857813915,67.9586682931156,75.05959460210191,0.10081566624247529,30.650239710325028,0
ITF13,0.6365656653679916,80.10142480013073,127.07695347414264,2.7614647625086874,18.156958580072416,0
RO111,0.7650123790252897,23.595548655212497,8.25292661900821,-3.2561500169115165,42.85096174085446,0
RO224,0.12706917131176693,41.149712742641164,119.67189941304255,0.8940234252780659,2.543270070496674,0
FRK28,0.4475693672951052,11.845417575669403,49.956332458031554,1.9224576789690033,33.758634063600084,0
RO111,0.402569761597779,86.93367995809166,68.60104963720319,-2.4508095253717377,38.92753730060638,0
RO111,0.24675547814919174,99.27099027589065,17.584245764583457,3.1903485888458007,3.3808076005392413,0
AT123,0.7953224899502637,27.018518630828236,16.365031636463794,12.632842365935122,9.69580141661251,0
RO224,0.830834180646406,75.78989812882696,51.33366108778336,2.1245354841761266,8.216686956444907,0
RO224,0.11227220197447663,92.26376379336108,4.016594976571575,14.382957461740471,26.491017539541936,0
AT123,0.12402318528046932,99.7060069810185,42.27955989909432,14.956366881283412,3.263637828104993,0
ITF13,0.3934427295612475,6.428668154201167,52.98464956774783,13.14027573653587,15.63195201696831,0
DE929,0.2845708951814855,69.63793495855039,124.91812720002719,13.207488767227826,9.208008985645549,0
RO224,0.11980787336154625,33.05861904024512,14.459541534329196,7.934860577771936,37.31470923660339,0
RO224,0.4239135612958961,25.94498359623114,23.83576802160332,-0.7550264919991552,32.47183318377195,0
AT123,0.8338708316970068,63.573766611230006,65.07855044667619,8.697517437811427,44.62951523063932,1
ITF13,0.571368091176946,5.108778202050046,11.436167530396602,0.7440566610309656,38.957518313501986,0
RO111,0.3016251341875359,98.40054539486545,48.45678363697061,-1.2154744774645732,9.372717802841395,0
RO111,0.7276375306717038,66.54488176207583,86.12349155739066,2.259638647061921,10.351460952561947,0
FRK28,0.36609699080336067,56.275542330229,128.06490585194348,-4.068571757558777,3.43181914702926,0
AT123,0.7696534352438815,85.3106086625796,112.95606171265638,9.84628102418547,36.95585903851955,1
RO224,0.5063094846961939,36.857016006436375,109.43943848646676,10.874272245091227,8.366256499571033,0
AT123,0.879736295128524,98.31521227764665,114.35332103886728,9.266921096935883,35.44259051015314,1
RO111,0.8530181627553705,54.27913056421713,67.42871860127745,11.029252539083373,33.40016648536587,0
RO224,0.2590940403830664,73.58742478100653,80.95088675882108,3.8180131984983046,41.9253431129814,0
AT123,0.4607483956238708,18.755447803306247,122.29823368923269,-4.62880502252617,2.5254018558370284,0
AT123,0.6467673580648571,96.00046008677737,105.91013739912141,9.947539095567626,20.287156018913983,1
RO111,0.8288452957796848,87.26721895625091,128.88711304268966,10.502433711578682,7.666630151357989,1
ITF13,0.14357545091225088,64.67487922012748,93.73867989129009,-1.0619184014956673,40.79713245718186,0
AT123,0.8241399959846272,14.352009692346623,29.06759784438967,5.95403971332555,3.0620049792220976,0
DE929,0.5268451558984831,2.6617183046141246,132.8668672502012,5.910663447490636,16.218001455919783,0
AT123,0.4396621568193593,36.41751541404825,63.638655659649515,14.016303115323517,37.27060268868444,1
RO224,0.2935513115178815,1.2126511236371318,15.756696410778215,0.4457030594678546,2.221537698435976,0
RO111,0.24384724163596116,95.19441976053005,9.001552522626833,-0.47976987756138634,32.01598083226653,0
ITF13,0.8266419197592991,17.63317621296562,42.55440168366973,4.22012650468146,3.9960437270463753,0
AT123,0.8053781767570626,0.08393250624265658,53.575223992046226,-4.014146285763022,15.581239631092073,0
RO111,0.4538973280500306,50.46446944151126,38.88894156758605,-2.3096836167289125,32.542070570249656,0
AT123,0.8913121237389741,82.91870035578835,114.81281753938669,3.8646701860922583,24.618081556697,1
RO111,0.25218564517887565,92.58595035904365,89.46089282352617,-4.245959147621101,13.107530324230266,0
RO111,0.445153240447981,41.63769027634889,61.9116422626844,4.251978141905608,20.465587471636894,0
FRK28,0.12564045520534722,80.79824041268319,144.45553191825658,4.959743636782189,40.118290997522685,0
RO224,0.2939150321870191,68.12520481693754,138.5981344369471,-3.6022357216424994,5.583247337110885,0
RO224,0.585461318395236,67.86576905612066,110.95794747729134,11.906612575149104,22.192620013560443,0
FRK28,0.3342124101163411,98.88788758865307,10.918740166891544,11.78417445485709,16.0540639281811,0
AT123,0.3107852777908001,63.85456888328278,78.94844197967771,1.220201585503002,5.0101754968982295,0
FRK28,0.7188241499985233,10.982684594180736,68.05685087378387,-3.6865018816674033,9.685615514817616,0
FRK28,0.1136391595443282,87.52708072522022,120.4320273409237,-2.672016716542973,16.801410576598137,0
RO224,0.26667560738962226,49.155623514859734,58.71876261503202,3.20099507886405,9.259696085777826,0
AT123,0.4698001249804251,34.17003673047066,77.38136878498725,7.999725515198431,33.35690614943797,0
RO111,0.21227086736471348,39.07861966933625,120.1298678502682,12.682621625846139,10.059447406882718,0
RO111,0.244019412589725,26.224533085055334,16.804033216828028,13.20173286100798,41.225457442943174,0
ITF13,0.3361766581121971,58.470576080928595,133.05483946354335,9.247804839586868,24.922887567264773,1
ITF13,0.16625863607484606,58.87974577734536,17.408200658246685,3.5904541509281174,6.466366394700528,0
DE929,0.11133624822684621,16.674939251188302,2.2375115749707684,4.084170079225943,23.036911350026855,0
DE929,0.48843850059554195,59.269254401552566,53.51846287863932,2.356417825735077,15.82211918371392,0
RO111,0.2948739927465363,90.73096243664747,66.37206909379655,3.1790648283261174,14.733029851251267,0
RO111,0.45030005252239147,21.69216596431288,52.913897195755474,-0.3431094048182164,40.64640937167655,0
RO224,0.5399651433101978,11.91534833706729,20.199927102074795,-1.740190898303593,43.6031988080518,0
FRK28,0.6837886553271535,60.30310199859681,134.6082145350606,-3.861446852616992,21.401177177114686,1
RO111,0.6612934032188683,33.51400033373276,3.6787434334156766,7.177958331848306,10.214239296733282,0
AT123,0.1445525549758042,34.08779939086956,94.46124592147609,-3.2030620966277756,44.6470584929046,0
RO224,0.621456832953445,72.3254350773587,85.99351855141674,5.694937839317518,30.54292552560657,1
DE929,0.6446542511253476,47.61398602472675,25.975334916489462,1.2574073434531847,41.54192800794814,0
DE929,0.8739028895706987,8.185558116809165,131.96724203742798,2.0210356937546026,39.4518794389848,1
AT123,0.5501206396532557,17.99477832707248,131.31165970667786,8.389020522988409,27.266994127977092,0
FRK28,0.5084445102971851,33.63000000493316,67.20189875638303,3.8066397518145028,11.56216645630279,0
AT123,0.31355266965018747,60.533388718238946,9.529815329270491,2.3287046575553516,31.31675777610523,0
RO224,0.14257395357417535,7.812497754323477,32.42741426159776,-2.370183050388932,43.65947840837187,0
RO224,0.8603272425095894,16.66548620413728,55.156669918635274,1.0231640650582214,27.79113638909032,0
DE929,0.24124995969959065,41.814949933254276,16.27323829815254,-0.16136046563793638,11.881762153800539,0
AT123,0.4392785388474688,84.63130197523714,56.16115702713496,-3.5736875178450167,1.4975897376151628,0
DE929,0.6547283339151204,58.897337640581405,85.5739577688653,11.285498546875154,26.06630565307405,1
ITF13,0.5151751709713994,71.22613831522,25.959273340823025,-0.9301672063152893,42.99156494478849,0
RO111,0.5026990302153941,57.81448198730639,111.1946286462804,13.730848913963499,30.242862199917436,1
DE929,0.33381087007573196,16.216604015420046,36.81687643745797,2.9605562449861207,29.61463528940733,0
RO111,0.5352602956536998,2.5220295124201875,10.39333494759242,10.878898604572726,17.852098261822313,0
ITF13,0.8443849130080627,41.81481276490305,108.69083677520767,-2.143733779913264,29.770842077370194,1
RO111,0.38644318101487485,71.16704078606898,91.61048166633311,4.4383267116886245,5.12920590253294,0
ITF13,0.16918706511441153,49.03544968581481,36.66725786564891,9.94159838235083,40.45394092647216,0
FRK28,0.3938026410099893,58.896027611232974,28.66524663403873,8.682208812253421,14.609524895110152,0
RO224,0.5594063383855304,21.73081098563253,136.42635604539265,1.3539000533825423,20.366513214562065,0
RO224,0.3168831350484873,24.33338013430568,28.613928436245434,12.807572457517619,15.098992050164274,0
RO224,0.4245958252256059,60.21827390710121,37.27089264184753,6.050929034188712,30.61291008159572,0
FRK28,0.7696470016476749,25.61739608965874,86.4434628921631,13.488659452146333,24.910813330827356,1
AT123,0.7621765288468398,53.77763789323885,34.326649681318216,1.2685989631265615,23.070942864175944,0
DE929,0.19171510011103685,0.675769133345383,33.06618119016783,0.49928620531696843,6.491375223025347,0
RO111,0.2782758357559506,18.573540706203808,52.67087173611259,8.569499638620874,44.072856755594984,0
AT123,0.8576136182704777,82.28649374052671,113.14847252531247,13.60405290707164,31.60621875087899,1
DE929,0.2993751760721038,75.61910331078188,128.92695009117946,2.7568501307611797,4.124286718625965,0
DE929,0.2798858183126114,67.1332563442881,50.97133902430642,3.0181069021200955,43.136681476875935,0
DE929,0.19059985114022757,98.81794552247368,132.81142519441613,2.6961111909895212,1.0699674629546174,0
AT123,0.31839885811088564,11.155739047652602,1.8923989716639278,8.85658193043984,13.781725403814947,0
DE929,0.21036336891681506,89.69312387742656,116.03805183802946,-3.4026153503779843,39.12250057361546,0
FRK28,0.3603635285957745,78.6260950882367,126.66844509513541,-0.8744604092180293,44.03074023354862,0
DE929,0.32181898145717885,71.06463556667462,10.638433010542403,-4.975759838544489,25.55701779642753,0
RO224,0.5731319577124007,7.0521278653357005,105.95967227130781,-1.7140483817221508,42.10398324548,0
FRK28,0.8504482056878262,12.141001645155603,13.781676245470775,11.362635129926016,41.39039664791409,0
RO224,0.7926667570260417,84.16852497473698,42.66036379047946,2.524474812404085,24.81017818864115,0
RO111,0.34646379972923913,73.64687281068176,38.29449638848217,6.715243772543708,10.920281704380423,0
RO111,0.5858573397829167,74.40420053811253,137.6989225455221,-0.7074361132129603,23.995280163496414,0
ITF13,0.5787490253817728,47.29458978788208,140.91759116984238,6.876455724333448,42.25524265471839,0
FRK28,0.686848466065289,85.880592425167,69.07680314423311,13.464085219544497,27.026902605133508,1
DE929,0.1744961096193837,20.960115933931377,17.447625760603074,1.9730459138707594,28.946291295558872,0
FRK28,0.7940862917916202,49.316345753010204,80.53909128217892,-2.8812161215316223,20.587884688923815,1
AT123,0.21603474272936776,91.4802336666667,33.89203118460464,1.780245838380008,44.404837731324946,0
AT123,0.36816779025140556,84.43445875101224,7.151437113492038,-3.971670439240398,14.023452773738846,0
ITF13,0.4879719922495157,51.982318380191685,146.37775261752634,13.31254034516028,25.89584631372175,1
DE929,0.8316827612009102,71.0631906895162,23.54367003404284,10.015614762889227,13.426332966077595,0
AT123,0.44538098909756774,40.85699698852362,78.85044370796864,1.7416628724681242,42.276175692497226,0
FRK28,0.13516256684539885,72.78793922905096,29.880498876417466,2.3610500474683427,26.811084963347955,0
RO224,0.7542563772080416,35.22967104230145,36.42486947763279,-2.745980819439162,12.582205520404997,0
ITF13,0.8832152455692608,5.716203505872086,109.69359822719937,13.226158645598474,34.91028721248304,1
AT123,0.6413674522787666,53.63835420500058,74.6909370981205,-2.732767935174014,26.1577841433108,0
ITF13,0.3747635785522697,75.78783184881962,94.60784753635659,-1.5714214094333911,43.403683824894635,0
ITF13,0.7989712308933239,5.843335128414862,87.91943313111813,12.668090940913093,23.93878212710259,1
RO224,0.6174609957235679,71.47741766702278,40.49539214683684,7.118248058475862,11.176666222746917,0
ITF13,0.6507997953467267,32.93282615766161,40.14840210111763,8.215327554228937,27.05473171493442,0
AT123,0.2349590275896233,19.873155130214304,113.74108973172059,2.8172283535829727,4.567965468867624,0
DE929,0.7628169898100844,68.35085678821086,77.42619866165192,2.481375116685964,19.676051448413173,0
RO111,0.45102577717520465,65.31491201328627,33.16390046278184,14.606528479943247,4.7996081591441,0
RO224,0.42065216057386967,99.12524531829892,98.07569224186615,7.4510962083559065,41.50824563967032,0
ITF13,0.3738804316695393,22.85969393677266,114.30677794980721,1.8719476772559478,40.72685716131892,0
RO224,0.2490028296290314,38.06223039594684,88.62347688188085,3.4818251780616762,25.256083288537553,0
DE929,0.8441411103576516,17.0365119626119,99.10543639748086,12.088792845535146,3.1850920150292596,0
DE929,0.13234942701469052,41.851696170452115,43.752309115127986,-1.4216625751945355,41.974441270381526,0
DE929,0.3117125805373,10.627609367374703,137.66552636864662,3.2421139288437075,6.861609804385726,0
AT123,0.7594115545787092,93.76652484322658,91.82488255184558,2.799310569277207,42.54320650546128,1
FRK28,0.8442339760891492,98.11880049805313,89.29323748874458,0.27374518250566915,12.27798391349109,1
FRK28,0.757498172108017,62.10399762810751,129.0982673182923,-0.6650670018683513,29.757436167184846,1
FRK28,0.862283000043729,22.73064633203137,118.9675756743895,14.593367988115876,15.040369065803901,0
FRK28,0.20202025825350436,79.85818543612872,20.81383302539484,12.794336749411926,4.208836070440512,0
FRK28,0.13938618426869187,60.17164197967427,7.407529207060004,-1.6316541651638805,22.41052303548426,0
RO111,0.31491781719364864,41.00736283107359,149.61244488838432,10.062734772736494,37.84457434111975,1
RO111,0.4597627526183222,0.21210899143635498,133.09942862837244,-0.7823757955919071,24.74674750570145,0
RO111,0.7843265148652887,72.04364085626159,148.58916320712936,14.451218203310745,4.149864541277221,1
ITF13,0.13341418574256309,87.07740343573704,54.03131703724131,2.124799498912216,40.25180552833144,0
AT123,0.6501068452175971,16.816444307731825,123.23471937495826,-3.3411664185775747,8.764594110691487,1
RO111,0.43890954637070156,4.714482854971558,53.50831199422223,5.360696354354889,42.49529614797139,0
FRK28,0.2911540249643825,28.85720678175946,111.31058866928483,10.163651748128819,8.454229353976618,0
FRK28,0.1728889813796758,62.59143389161817,91.07993097301878,9.224092089360207,21.42798768299526,1
RO224,0.7824253879931137,97.9577689684007,28.842830845680407,2.4743034897339538,12.435734391518523,0
AT123,0.13646266441953642,77.46139290390065,130.5672908245551,-3.5352304163186976,11.502067844732135,0
RO111,0.30226958127140435,25.014503960287737,134.9145961906261,0.4073599965524526,27.944180727068545,0
AT123,0.5341236263622015,81.46705645964514,104.45121011749468,9.770538629198013,5.948948952319028,0
RO111,0.6118007745035491,18.324537904893525,67.11934826290702,12.57613744780324,36.14914923381956,0
RO224,0.5068414646022724,70.93269619142173,7.115915817431756,2.261567385861804,12.807902790929127,0
RO111,0.7577837240192784,11.399990617199485,73.2522804153141,3.5550879960495116,15.58722169162964,0
RO224,0.4383679646648776,39.257335203577945,137.91733701933478,-3.55673115914928,20.558945051452913,0
DE929,0.24152701844971702,52.3695246104558,49.12367127594449,1.2840124791857903,37.12296198036054,0
RO111,0.30241395769030655,25.75264269226485,75.10280739959806,10.421679311752932,39.153225755104934,0
RO111,0.4094437170249082,19.40239776660907,69.5661246764627,7.10496331652095,34.17398300640872,0
FRK28,0.6735251192023494,51.35466238482316,17.290942609481313,13.674187784928211,29.57399321384156,0
ITF13,0.19146529654642697,63.62045274846834,85.28273226254474,-3.643413812692675,22.01725519377041,0
ITF13,0.7292387356612069,70.79713410241901,11.175176177041024,5.425772396364843,27.2982046395335,0
AT123,0.1759069889174133,74.2051964022249,41.42102192102314,0.9921908190348656,20.262699853762953,0
ITF13,0.5218542293016518,31.428852536408712,94.4777552342988,12.476799788761252,20.727848964150652,1
DE929,0.38420721860862306,13.002288346486978,145.46867068739007,8.364402711939448,26.08295299266423,0
DE929,0.2015380903174406,69.16314848126316,51.50101092283951,3.4386611691511852,9.087079350065586,0
RO224,0.3050629026870314,98.75111666365378,87.65548128723175,10.359871948344797,36.652021768709524,1
RO224,0.4131820084116873,91.66523919718628,123.43755055534632,4.047010785492359,10.909444361016781,0
DE929,0.10404723968790473,70.21696220527944,1.2427578785719096,-3.9677804645121184,10.21784937871158,0
RO111,0.8783335495651711,0.2989704056620912,47.89115533873399,10.601714416284613,22.575826230584862,0
DE929,0.8346735673553719,78.52057345673292,136.21766812436172,-4.729677056237822,27.530114467344987,1
ITF13,0.7412483865295598,94.58420653641882,85.14379033311793,-0.005284023975837826,17.40000218721465,0
AT123,0.7420596619147154,21.091126785665647,62.136601771182924,11.598217270260655,40.657728199755425,0
FRK28,0.22239488557293427,68.43316735924756,0.1487133291638909,9.900270661242033,37.39128388861812,0
DE929,0.7824324131996666,23.155407565506547,29.409481327477412,14.852261802929519,12.113479833979383,0
RO111,0.564979758691955,68.60886726168847,65.32969844961056,3.3093895006406235,4.058694708138287,0
FRK28,0.417269487088602,0.9788252484815518,47.85542866364867,0.6951000667852654,36.8936564786368,0
RO224,0.5371964232212506,54.152825308283866,143.6903476421709,10.029537572996857,13.561490123663278,0
RO224,0.5935741395969887,20.913344949013535,132.2447854638393,13.173610841170305,39.19933730965212,0
ITF13,0.6422753063367667,23.327159964804856,122.88047888835622,4.5311883967843,29.663857230144245,1
ITF13,0.839934597548872,40.143753217377856,53.623142796734996,5.16036430873479,35.666532794375755,0
RO224,0.3327395931994726,77.36617269407323,106.65777153026261,1.2921385471594533,18.181697671546956,0
AT123,0.5959631518079991,89.85608359055057,148.91916349823887,13.920576187163544,40.695449338357896,1
AT123,0.159799404637113,92.67916744078816,121.62212090539153,6.100338992077836,17.538784585509603,0
DE929,0.46398589015989855,36.341144989057895,41.51859202203076,7.301245168311839,33.65330267541596,0
RO111,0.20967136073945458,92.4674227326303,141.47686430058337,14.000260529722887,42.86759584241973,1
RO224,0.7093332156643422,71.61221603667691,95.99378428501197,5.061783385126624,37.049433206072024,1
RO111,0.6967521086635895,91.52625289701692,21.268072534106963,-2.4378870444722534,10.622392674248223,0
AT123,0.24011434524406106,50.86832757133257,119.33217652282043,5.414032171965115,16.4468081004732,0
FRK28,0.47667624006537,70.58124225202921,68.74017666255392,12.223664393264528,38.978685286892336,1
DE929,0.28409641317329,85.37164216193379,38.01094641536752,11.790093113777708,24.367634777544296,0
RO224,0.8209562146036139,31.290436822918664,130.48859007094114,5.595121361424322,16.59981585915128,0
AT123,0.8975105540180568,55.83415753844172,108.34009992912728,1.9858422918379741,8.845432880900379,0
DE929,0.5286294366252243,18.212446207056466,74.62010304028698,-1.938534481091727,17.875538585941424,0
FRK28,0.7418328948903307,52.080684540056744,105.39256097978232,-3.649625565092214,1.3485767534688184,0
AT123,0.7639252469554542,69.79764874667505,21.834206016601815,0.7005158581785453,7.160965087961552,0
RO224,0.8779825806547837,95.02671754191057,70.88011026030065,4.421181263808174,38.01968792009566,0
RO224,0.4091278527111756,55.31378235653008,12.1141568690601,12.932521355302839,18.208156644029057,0
FRK28,0.17398305326313146,86.33476190974997,43.853599440770076,10.048105692868063,23.204082200436574,0
FRK28,0.5984508927211704,2.6414293101252984,142.40510705638812,4.349752506559119,41.72465395791846,0
AT123,0.3776015457240347,68.52203795928096,79.62750192478484,5.058830852798529,5.780628899029488,0
RO111,0.2955076583639037,30.643240920150326,94.78223675317484,-3.7192286697553256,29.96437376139016,0
RO224,0.4501922954640024,30.774895345710483,19.59594446273766,-4.626330734690796,37.80008707470025,0
ITF13,0.566405899061201,85.07305378177045,75.7308099460843,-3.0158933640776975,37.483483668125274,0
FRK28,0.21613785074229527,10.905406271920459,100.72879033325829,7.474941333857208,9.664532094100466,0
FRK28,0.4910774095275372,7.653983938776399,14.41514790556121,-0.31848229254104243,8.554310208826545,0
RO111,0.7930265330077593,26.392993276519793,33.84855420235591,0.8872993902976001,32.45353781580707,0
DE929,0.5512863662883835,67.57592716755906,12.7483757770591,-3.4187489135727267,39.77086240630018,0
FRK28,0.7034687415495243,26.077968795782635,96.55340030027907,-3.8773140467394818,7.599799733001003,0
RO224,0.506595340984458,76.01237965528298,124.8572898904576,9.85701429044097,43.04082847110204,1
ITF13,0.43863880324927784,59.13005622341816,134.97848870742354,12.784999146952668,32.44252220790557,1
FRK28,0.6470886660866723,60.037322498218515,0.8589717277224462,-2.5610351575306933,37.293516067348726,0
ITF13,0.7664558785303764,17.74783393910172,98.15191885844511,7.871004164617412,27.409048709624987,1
ITF13,0.7919650274672847,87.51775261223557,138.6936660632982,4.241838870527182,35.81449448678393,1
ITF13,0.14862321647104793,44.27411289631353,125.50294904703574,-3.0803910743128826,18.7664879481235,0
DE929,0.31343415537709174,56.58115607372325,91.06510463198146,1.8131333810978596,9.329758398202262,0
FRK28,0.7564396874751449,4.542889066380951,85.67492064496768,4.126897431103732,5.2250471202919355,1
RO111,0.5809977652295184,43.55870908774007,27.92899459961519,5.701190930052798,31.74057008478137,0
RO224,0.30214134617311245,99.96111284516272,77.43014574028022,0.3769587146001818,42.8741311650277,0
ITF13,0.4825972415215337,1.3554258195095592,38.96962014700205,5.828398356118928,3.88934121644108,0
RO111,0.6179592665920539,58.38036244164113,56.79811321182153,-3.8236913218082536,7.08583762419299,0
FRK28,0.7239048771650104,12.741488329707618,70.58112226147796,13.1682386582772,8.58529222882428,0
DE929,0.5276952944307666,37.86792915242001,149.99000880167176,0.8587781537234163,25.410757541321537,0
ITF13,0.3961240251437944,31.875424217262005,20.965699457813358,4.423735507157732,6.6315821647893,0
ITF13,0.6888996616863767,95.24236751592765,58.089042896434826,9.500027239998355,5.283558506367055,0
AT123,0.5365246498604506,46.919408245426766,32.82786369760735,12.49151679806413,22.286610601289674,0
DE929,0.3128784513642393,86.12745212613757,116.87598136888991,6.354643766049669,7.599271342936593,0
ITF13,0.6435180086732593,90.4239940702316,16.880932279191835,7.165400338854724,32.76409359159791,0
AT123,0.15730237890385165,45.43519920195964,114.77458287305572,4.609360335330594,20.39068373439302,0
DE929,0.6737848594050266,7.825130036208183,121.51794704635238,4.691089575091105,43.567526555624475,1
AT123,0.11395637430581118,41.471072095761485,66.58815103009417,11.839723624940653,42.38630687174492,0
ITF13,0.6263727524859135,85.42786104904152,44.996058465552196,14.562677468328253,27.870003442492646,0
RO224,0.2257624900584001,73.04455161278271,14.417702126847537,11.751182998333842,4.9459269373450105,0
RO224,0.7563043279346606,3.988474304759504,89.61801715965348,14.708662735458603,35.59273130979342,1
RO224,0.5826259144453814,69.81030487828028,78.31471841334115,4.314208508498972,28.93107134725776,0
AT123,0.632943157899567,20.80581198662018,6.355724678222963,9.45943518202183,13.132658619739479,0
RO111,0.548448915817337,80.49286994448184,72.38326770980623,13.541845406559922,6.232900663664935,0
ITF13,0.2763889340302633,38.006695938235005,110.52347125536163,-4.93154505808898,18.480210218801467,0
ITF13,0.35113155688678277,94.58671412542334,27.662384800500178,5.841961253163522,10.232903373816681,0
FRK28,0.5237339013710252,20.573464620144875,135.02685013699895,4.12546055298373,10.790604063028294,0
ITF13,0.3948491074310899,25.478980236550186,90.37228632554576,5.242956236352715,32.22303093705635,0
DE929,0.6085408413853269,46.5079374336508,58.46997317181365,7.484608416094643,26.20768752298537,0
RO111,0.6685871946661269,4.450314639732578,134.39366115873474,0.19521366524383854,3.494936954191814,0
RO111,0.6491739672595737,0.6104213632236677,54.56242970160655,6.350856056252107,38.31023920197657,0
FRK28,0.5170148353483283,93.07047295028458,42.86880647424388,5.3450676487794375,43.35797640757771,0
DE929,0.7339685077225505,89.60442239931533,43.92928033981162,10.712875473647575,38.68688195818066,0
ITF13,0.6534516883361635,84.8874443350647,42.69089417292496,2.985385543693228,33.823033832909495,0
FRK28,0.6854900560448056,20.910007760081186,131.7184365912805,12.916676244396857,25.193933279535464,1
RO111,0.37756004671728005,20.199576314290123,108.79026635948894,6.041745480337692,30.566522313272067,0
AT123,0.14335739006467982,78.09289571149685,0.5047332991643616,-0.4927597232905212,42.60802201673228,0
AT123,0.740386035997202,7.597906504929297,139.72604195277532,13.460078650829239,29.75502174751981,1
DE929,0.4407716468124916,23.944862002769064,66.28452182495953,4.167698385418406,29.770397917076195,0
RO224,0.7467688023233746,2.4395622687977014,30.991669173276833,13.94016070746244,30.82910865429985,0
RO224,0.6240441381795445,88.6287301037559,71.51776962602302,6.570071752129467,16.951073876240695,0
DE929,0.5194461651822196,21.20693642385264,61.40569728747509,12.93669567001825,33.43544059009111,0
ITF13,0.35948868726918215,16.254919870814057,7.130833328801978,11.525975146949389,20.029597018403027,0
FRK28,0.24888629916230087,53.736412463275265,136.1968573798406,5.442219681141866,7.039375472805527,0
RO111,0.29861003040158984,24.227523564434684,104.61081582016904,12.065846225957074,6.549964586644219,0
FRK28,0.5773124535789783,47.231902586670806,91.482664998403,2.239189133026338,17.150755302324857,0
RO111,0.4051410033348527,8.269685612453648,130.25651534646852,2.384215900215003,21.567219440511376,0
RO111,0.6082943710454258,5.681616021675628,112.56971683827406,-0.05930402864211359,42.42274686315355,1
RO224,0.22702939356050758,1.0812810683083152,127.79670715819277,8.808625803596904,31.871128847286627,0
AT123,0.8726537789279905,32.716075457651115,67.81020862759158,3.4982785969907138,10.54356881502568,0
RO224,0.631634496020949,62.03748817185269,131.9604716985403,8.040570558053092,26.34583031803865,1
RO111,0.4808290292200199,44.17480555757756,110.70873920275287,2.769900729047148,29.67380172183026,0
RO224,0.8977685452173929,96.2484327555214,14.97936526208607,14.965598426052548,15.687023872147273,0
DE929,0.5533317119858989,24.43374197435463,2.130404517571355,-2.223931460197983,8.744368501327127,0
DE929,0.22921863112083474,29.310795031002613,85.2724153978174,11.664644686975297,39.87460050266436,0
RO111,0.8622739244359071,66.80202109023088,3.5973418370967125,8.74187412304514,35.17838330903269,0
RO111,0.6553480759045727,80.7903032323502,63.87689025099131,9.175109990102587,42.076589105618794,1
RO111,0.6727554500527089,65.15800622149897,140.25458901049333,8.02108191975999,15.791339588431345,1
ITF13,0.62303025791878,96.44440369214891,26.51626181910483,-4.270727391853986,25.280963950057572,0
ITF13,0.8076080342385051,11.941976877442073,60.67479076921938,-1.4142474925436566,26.164451716958474,0
FRK28,0.3415836951835268,46.22929501196095,129.83769751416,11.48827306810157,23.56578443569539,0
RO224,0.301488153573648,86.54445944469684,92.00374720291457,-4.6474857363708555,5.70890988420483,0
AT123,0.39967211830711613,83.22263716315528,103.80834464918222,6.21738696077599,14.438708205127995,0
AT123,0.6163673788699797,12.16666934349444,99.1543417448563,2.9109453244732126,42.340020123984,1
RO111,0.7066398246688436,96.43849644782823,85.16101979867778,9.058455248784563,21.43281127147398,1
AT123,0.8434919151698896,26.084564636403673,128.46971690730263,7.357425692769741,42.148304885357796,1
RO111,0.7766568962083805,38.16320036480991,116.80898159191524,-1.0646981466317795,21.878661756690292,1
RO224,0.46953155117826817,27.58591169027138,23.044087049899677,1.1779641971810095,44.64942969107783,0
FRK28,0.26105129239049696,20.839787517226462,69.14417727336813,12.580786662731306,38.21561344567247,0
ITF13,0.4086868699142494,37.71111241820152,41.25190405395654,5.755254261602868,39.0213027634842,0
RO224,0.7745718110341412,3.225927114301397,146.52494317212566,14.10489165063574,23.963414400485565,1
RO111,0.6095178035151185,71.38498896054362,113.9755621716562,4.99056521641001,6.050518703479259,1
RO111,0.39575696282119954,9.327162358124784,87.45670053166502,8.503860642122746,1.6864753488233926,0
FRK28,0.48378898237082535,30.20984750238552,61.08029694571405,8.741021659581275,20.047960354762438,1
DE929,0.12332355766875853,49.717598880825854,53.277363170484975,5.007870844514411,10.273642739779344,0
RO224,0.44775688505751343,48.61386690885644,147.97179341258243,13.50969828637967,41.37256121177349,1
RO224,0.6333055937906934,22.784563499265275,72.18225036626971,-1.9049017997042395,21.54174447924347,0
RO111,0.3717171966132279,77.1920629267049,61.988721443500964,-3.5330441319836847,40.947875519797776,0
RO224,0.8696829646672665,43.48257853575753,112.23561915269713,8.506499192581439,30.869333509593915,1
RO111,0.30225951946716345,75.83922929934221,82.1556544768687,-4.16802728368153,32.07215329632663,0
AT123,0.271862988739096,14.4705113398646,88.62052720359281,-3.0944335010933144,44.966602432130024,0
AT123,0.707820096911414,91.7626000941751,6.542704229317886,11.748214757020143,15.021231679037232,0
AT123,0.7450079735058219,84.89459947251963,131.13980008470023,1.276371524037998,33.35126443369244,1
DE929,0.7347836395507557,71.45141527308178,38.625786709259565,3.4222963018334145,39.31857652867616,0
RO111,0.8706951237453473,61.88933307872411,131.74208465786745,13.21229583209201,20.388670356537883,1
RO111,0.33514195785335066,78.00224282338486,54.626648442139555,-3.1109157865180737,37.667707863473126,0
FRK28,0.4205882254447981,64.49180113227543,77.64183622795598,-4.1980251486510785,25.77567953347486,0
RO224,0.6112369301346059,30.811362342563275,20.35925686951336,12.439333104916098,28.820099832414343,0
FRK28,0.37490957626594024,17.03862623784871,112.43289845348491,-3.213288043719702,17.66187543291667,0
RO111,0.6738303872014757,70.39938436101751,38.58027204354382,13.053566304594188,18.555611719661744,0
DE929,0.7287895467776618,1.7681317924129192,120.58728092021936,-0.3227642211236592,33.783379611768055,1
RO111,0.39905122463750053,78.64101871468057,114.03306677795666,-1.5564989140658625,7.467212162741597,0
RO111,0.5354113341659755,10.609882365658308,123.65247563195312,7.375934928968844,42.23461183653562,0
AT123,0.42067354589322237,83.30070048400287,109.55209307170894,13.097539027146961,16.434622123098293,0
RO111,0.30855444367179174,30.67025448876547,78.5795217773793,7.861285250380055,10.321930853321462,0
ITF13,0.3409045322699485,19.169698441492322,130.72612046171588,6.520067867102323,44.5004554537448,0
AT123,0.35785641618384567,24.83858212179795,134.52965264531954,4.669199596838386,36.715631226811425,0
RO224,0.24023401253058863,20.483296468123978,141.5398338409082,10.93041736218167,3.5110072383942956,0
RO111,0.8297060023232871,69.5527397054923,0.4377264281230864,14.894919834696339,2.8791252916413708,0
DE929,0.8584542956680742,74.82455092697991,97.08993291026648,11.970895639436783,35.22036454737548,1
FRK28,0.8911801011556201,77.62147556011513,4.483177014854983,5.107342270112948,42.17875363276103,0
DE929,0.18478636678676602,68.81905831315245,56.01013693088607,-3.774502242938904,14.86253492886818,0
DE929,0.22036899276392719,74.8789369905108,30.133959440632808,14.202984840282621,22.925018234358106,0
RO111,0.3934709951088028,71.91838126306833,127.1688907378721,1.8815087899635463,6.439331096907971,0
AT123,0.40213535722077554,70.43141046077099,46.90896182323826,4.805060766266934,1.6368124877138843,0
DE929,0.3730915892455773,3.3854219463413493,107.92200570772673,0.8113088856118971,26.319227994934252,0
RO111,0.6221966428488258,24.699663246950887,31.915347264809625,2.467228805064485,41.02871983446298,0
AT123,0.7455691123817598,11.190426228721472,64.92033187141435,3.363555768549329,6.9228394355616505,0
FRK28,0.6944390305616077,61.46714379566879,102.95781435106903,11.51086619942679,16.182329223408193,1
AT123,0.7318775841184951,98.68160812629152,149.75987262320464,7.255114979823174,41.34018724837499,1
ITF13,0.39872966472140836,26.244012015652274,91.4962294983826,1.837797685916696,13.012798565203958,0
ITF13,0.4559085079927433,28.586838438450847,18.857599095588988,5.172371842898739,39.37737985105263,0
AT123,0.612993016263127,13.760625335078148,120.48057970633755,-2.783014194698321,13.566621579639948,0
RO111,0.6154483793704014,53.78926511397608,59.59404209817805,-3.880272072445725,6.889497101473811,0
ITF13,0.569932151863407,55.732980920112894,2.886173309510381,2.7484416399516087,42.659615292703336,0
DE929,0.554488552803811,99.6066978140285,97.4423941636756,7.158272039559922,36.42135739004125,0
RO224,0.6427503179186524,65.71080901896642,92.37871394759806,2.7128592788736565,6.7251229117292315,1
ITF13,0.20118520609338778,68.4738465582645,118.5079380899826,6.477425258961167,35.964783668864,0
ITF13,0.6361964682878343,69.37395236440604,149.6024527526035,4.426018937141798,27.257436836166903,1
RO111,0.7608530482895726,44.931400777798615,117.05828649828229,7.449917782402963,32.54294004130574,1
DE929,0.6637917096090007,19.511673486356717,35.36861149556479,7.173391543192835,1.4069005732982456,0
RO224,0.26709016179354383,92.43945451634384,105.92328724870778,1.0921133669777294,10.532995457926434,0
AT123,0.4330647347916837,34.970548748216856,127.04118722569704,8.40154549739107,3.4413558087987908,0
RO111,0.7546423020546978,28.43016878172653,15.72198231057474,13.167509296209676,40.19226371892639,0
AT123,0.5345458287222594,59.93961584986205,58.31438074842232,14.295191225921954,39.95567865120961,1
DE929,0.21206052573514178,42.622646171702584,140.7080623924958,6.08246541935458,28.002101185018724,0
AT123,0.3927380133255852,92.70583505430518,50.070118313874595,-4.635762938393113,29.983421899989082,0
ITF13,0.37006867556111156,54.67949323088995,82.62914114566583,3.20599936314181,9.252573438579628,0
RO224,0.19798516533154953,68.55443179597403,66.87184181758924,11.814122930570807,21.269927789690257,1
ITF13,0.5250651199207418,80.31340950496141,2.085353969128345,3.3445659566065,15.952940732559998,0
RO224,0.22133026449379944,6.106275482966838,30.432807549557566,-2.7377783889336604,14.354533621006274,0
RO111,0.2014513812153904,1.3870506813795092,99.78876939278041,8.13489444282778,37.99000046379642,0
ITF13,0.7408560913840939,36.33149921122485,50.897568900110606,11.054015763080884,41.41336332153538,1
FRK28,0.752538969620322,38.02331517628906,117.10749268280489,12.11169662105014,11.384964672432451,1
RO111,0.10476914933515787,66.38580028728114,58.03476200210426,-4.794763442497407,1.4675714279865142,0
ITF13,0.21934857159336707,47.09646748987316,103.2813805390084,5.7808912544073525,19.0707364497292,0
RO224,0.10455510966704927,23.0665656825378,86.09324242843314,5.724978051268714,22.155432331974104,0
ITF13,0.5428022373286316,8.315197526130236,34.44808768140153,-0.39787305720914645,6.119742888674844,0
AT123,0.7274664042625258,36.784385447550825,75.1201961624408,8.642770613397406,41.05407080822235,0
FRK28,0.45770372183804187,69.06271909694685,138.73763143011277,10.665919826640653,38.83549173635207,1
AT123,0.8856530226309911,43.32068728979659,140.76632908559824,7.121065102969586,30.8487950649725,1
FRK28,0.45320115745469536,24.258857360594476,133.66795330039102,1.249919405122311,23.778583787675572,0
DE929,0.888183049738516,33.75871571771014,65.7306394982253,14.3979102486935,7.183123205197683,0
AT123,0.20634298177615407,44.169702648026266,59.50846896025138,12.730066897493227,1.9015115898325332,0
RO224,0.37609925639475816,14.41274624920128,36.277824893582306,3.1757806281964243,3.0662195008580198,0
FRK28,0.810853364178717,56.02460044413802,37.40690723165512,-4.0277877165472,5.8738815565983575,0
AT123,0.7086388417156786,83.37975696439372,116.72886745473079,14.515728138863242,42.00289917983233,1
FRK28,0.2888281117782344,45.49666627230112,6.085220318004103,-2.628902799719195,41.36534160709241,0
DE929,0.5430704337117336,37.465835246192846,95.98094065808598,7.2744495629455805,9.366743730941549,0
RO111,0.8025791953078647,79.05290185986043,118.72999988020688,13.448622481810112,42.56404213125991,1
ITF13,0.5474282633026867,27.385421753151206,39.45095261889112,0.25822047473370624,9.418346779478856,0
RO224,0.7663529187878572,17.596476347954273,50.28048049086256,11.48771702987693,6.547555009983479,0
DE929,0.323687625564554,35.82999566595901,10.751654154523987,10.670794754427535,12.938982202038932,0
RO224,0.8550751963055302,92.73866868123316,97.9306850922843,0.39689210548204557,38.575878767378214,1
FRK28,0.5826445136776098,66.6036516215726,95.23979644907156,9.393533730934454,44.1543924217012,1
AT123,0.47408965757632393,28.913216739098303,100.78263415729299,12.76221230139286,32.977784481099874,0
AT123,0.6126523446082948,73.27178893815078,124.7234913847513,6.662948328140958,5.876662073291533,0
ITF13,0.3975320328184542,28.424893312293477,56.63065548027756,4.17268660365076,34.37940141848342,0
ITF13,0.8338631782875122,94.15084091895322,91.62090743562634,4.505230634646795,16.650010311672787,0
RO111,0.643505833658534,75.73187608646816,11.011528835753682,14.398756917354604,36.36882525769195,0
ITF13,0.15095885403816045,60.18237852753783,142.26439215710732,0.41248359425562775,5.3802376072683735,0
DE929,0.8612452698561781,5.219877532145956,5.636376930497317,11.339811403299407,25.671358417574403,0
FRK28,0.1325472437952148,34.740348075125716,93.10109507361602,5.85116911966346,41.305069256364014,0
ITF13,0.7209566583041147,44.32707086519322,70.21908453699812,0.41979925504921134,24.932257650919595,0
FRK28,0.7606806344535307,75.07489211904601,68.21501760200991,-4.575287050217536,39.10447804271671,0
DE929,0.6645223204867496,15.700251864524173,59.593305476284606,3.3123026635335897,44.33347527152851,0
RO224,0.28885396843664013,23.459215478398555,67.0886115496946,-2.4844006702839105,42.70899803782185,0
FRK28,0.5236878488747293,91.216078995282,125.40027437119102,4.164590076258518,41.478204923880064,0
ITF13,0.2094828647183583,92.13013435304985,6.782934305970356,7.742870061492601,38.426330989633314,0
RO111,0.5709290805755904,4.515541746665253,94.68543628064685,14.903562167870955,7.624188187670026,0
AT123,0.6345957139730496,67.81152184894724,54.01554492117448,6.378842348749762,2.1071416864968504,0
ITF13,0.26759410687045193,13.79705990904686,31.184004929658286,-0.9126018097035988,3.5923813158141193,0
RO224,0.4199639167585273,76.76995827432152,70.92854061066981,12.3626375038559,40.71263296684059,0
RO224,0.7801385820177497,46.021948702587466,116.645827909753,7.646246419799256,25.169247548006496,1
FRK28,0.17754266028969382,48.39270203208403,12.992738217658934,-4.856755013792046,16.321476919677416,0
DE929,0.3039382123305414,38.54286407075115,34.47931577268721,1.6471698813099707,7.015756083860014,0
FRK28,0.13993783350189376,60.80132477495616,134.8066147681173,5.068003062843072,15.134473831725423,0
RO111,0.6735533760425351,81.40660771376808,18.057876610799738,10.59980861985444,39.54606263531806,0
RO111,0.4783316768839133,10.647346596481855,27.304704669024517,14.667794877149788,38.50394260558131,0
FRK28,0.8319907557558607,45.24531975741029,30.51054572261725,12.199764131354076,11.85508855182859,0
RO111,0.8111802642457921,20.725234219646214,117.55325457193783,8.172448312966395,5.193028378557848,0
RO111,0.13319535079174738,29.369233127981797,12.987589546634043,3.431240901838592,35.91094164452471,0
ITF13,0.35172671377142395,5.1059939446258635,16.091215819863645,-2.623586577276329,8.009578786744958,0
AT123,0.5490907270298891,46.87397115711068,137.09214557097596,0.4548765098190177,9.504033136386514,0
AT123,0.3918349009046961,50.444783589646605,104.42442985691977,-3.030789035310224,23.413682547634576,0
ITF13,0.5605938871352758,67.69180875804788,13.482390232767244,1.625733326880125,5.000725357008898,0
RO224,0.15260813846515964,51.56160564708888,56.65241270484926,14.959412049275663,16.480144853337563,0
RO111,0.6077649399857439,93.52274783198654,140.6786540668355,14.362800883758883,9.314791191555665,1
RO224,0.7994549421849467,1.6954770440703149,141.2966959168508,8.509847402806729,18.443165068080496,0
DE929,0.7296524795850957,43.03293934977697,17.34461745342542,5.356306409107869,13.426869996843644,0
ITF13,0.2188510719147872,98.24693161903429,16.74234653987065,4.158684201078863,18.835422032530232,0
DE929,0.7196487458688486,32.647761408079454,1.3098467575187511,0.9100089298508713,20.121596816406374,0
ITF13,0.4545233360014005,81.38064343864177,22.740702088946424,11.469775146486285,38.50163842635405,0
FRK28,0.8937824468213561,76.33553147306084,110.670435424751,-4.573791505523079,29.68507509690951,1
DE929,0.4847496405445936,44.04538582398146,125.9078720543654,14.221507146876718,15.975504820456099,0
ITF13,0.40951419188655,2.384508739490099,37.416653722049176,0.4617489697138888,36.219060161801785,0
RO111,0.23417653208814004,96.54600054195312,112.62708212973817,2.1207445545381454,21.298322095333926,0
FRK28,0.13968096956995055,15.536083981638715,89.74427756314378,-2.71749294108963,29.52213661865061,0
RO111,0.5298412869322554,95.33773960569447,72.0924870271887,4.644700048122699,39.65567978467776,0
ITF13,0.10255054492114057,46.919607877970684,144.1426458245674,1.031620255985275,4.401080744498033,0
RO224,0.5632540234994973,14.107112442593317,57.1605389389988,2.8666647698773318,41.175749359072185,0
DE929,0.327360751400272,32.1429643569993,5.222532900277193,11.725813855222512,12.248051451392563,0
DE929,0.48809103072307936,60.99889450597507,147.1710731965023,9.749551240843479,44.212983117340656,0
RO111,0.5760086145894364,3.5765030467346914,93.1730379426579,-3.1546551332541517,38.05801179416562,0
AT123,0.11499793749862351,8.409701304224571,85.16781075176698,3.3600447881201667,27.450821479142185,0
DE929,0.8215629122366276,13.229586796993885,71.0554178877376,11.803746215867733,8.557009965289481,0
RO111,0.8020323403416473,87.63814332290531,99.16761420632001,7.5394276183184665,38.655476482164346,1
AT123,0.18610725792522287,93.77371522738657,104.2721646614292,6.083943426420637,9.597186434479795,0
AT123,0.6865601729548698,1.351093782517554,81.45650583513061,9.389814298704316,40.226051113827516,1
RO224,0.4476469679081647,83.51762925697652,57.863789828133235,-0.37412533937199566,24.196065916374664,0
DE929,0.3292953149369387,11.00459184365783,104.42465366657687,1.93566523107563,42.31849176752255,0
DE929,0.6239206055022493,84.89608137486529,44.78155051024376,5.266625277096459,10.955730915935938,0
RO111,0.5419066536376017,92.6773202468568,78.71841827946818,12.827236511643676,44.37269446721269,0
RO224,0.4630903554905653,89.4778838710582,78.12554082386693,-3.5813457204048604,28.971408840024136,0
RO111,0.6501526411002485,74.20193589998351,109.84617299699995,1.7175441567514005,37.87267495990398,1
RO224,0.378733747185219,16.160462737435665,88.98043011385141,0.9773876814749975,26.308412015805587,0
DE929,0.6676814210553766,34.20113785607588,40.71454585719893,12.664230509021635,15.174420149631674,0
ITF13,0.3288643213688671,35.954533775117326,1.589944061623394,7.177903624704031,6.52969453036576,0
RO224,0.5469047141329322,90.76645770589744,136.28040830544077,2.6749515526182632,5.442671332824927,0
DE929,0.2505475560445046,7.209268138376846,36.83841545874998,-3.411695274374591,42.593295701843616,0
DE929,0.5523578436899796,42.40817789823274,74.00433440582374,0.24167409960642772,12.028351852819188,0
AT123,0.3043533874265754,16.377896732928864,131.33829676623625,9.303648487323578,7.126406633738732,0
RO224,0.8382318633593716,68.08518213363422,98.46099024896117,-0.8631922588096552,2.3587593715411086,1
RO111,0.5313206546707797,24.81983391367525,89.30830456591161,-3.6382513239212333,9.470478289106744,0
AT123,0.3867235126026002,0.6732584772265793,27.02240708312924,-4.102925812484313,40.483996390793614,0
RO224,0.7894902082092957,28.258092102477562,129.29853178828117,7.080324525063887,4.167987781725661,0
DE929,0.6569101573664712,91.09959009387788,87.61074266747258,2.61683989605745,1.2936094408273533,0
ITF13,0.5682826872176988,56.66724281408487,14.780655918583602,1.5414873269448144,43.064871245317846,0
FRK28,0.765207896728505,97.33752114288403,104.59514041673565,-3.8591480283857216,31.416178149966214,1
FRK28,0.1962156395384551,48.70454668539621,57.291989941797695,11.231670222685441,40.945962461232156,1
AT123,0.2622191505413479,77.88394140640233,142.82652435685853,-0.7665230031655241,22.513960137451267,0
RO111,0.536635543192923,45.38553407957795,32.70406200430379,8.723618516170784,16.787546095500808,0
FRK28,0.883464105057003,44.67266180326466,36.27571063150886,6.166845115205334,30.95919849584116,0
ITF13,0.6477399640388833,22.659746050747575,35.80227887791136,-1.8773213950690781,42.73172922271117,0
RO224,0.8701866175049335,28.726061750325517,61.87956172330301,3.916117722155059,35.743079020371454,0
AT123,0.34420501618168875,89.36416578089094,80.92076993021543,0.6521953024876215,41.5821751386233,0
DE929,0.8387699018362874,75.3591100806296,107.32771356635898,9.10686508191642,19.15987475672787,1
DE929,0.3146114137923388,51.222197177280314,64.26780067041666,12.666796670941466,1.420435725733483,0
FRK28,0.6820081124969439,44.99111139248525,72.81415450782218,1.9861840249581668,21.062754703599825,0
RO111,0.6355899076185535,8.549104680333164,114.30411991538053,10.727002558787326,40.444053808830596,1
RO224,0.7392520597919021,28.8160949393512,63.55269892035475,7.661570065098289,5.918878936021907,0
RO224,0.2984593186388832,7.9085758179668115,131.16416944707458,13.57251810713511,4.479980282923005,0
RO111,0.3061036139678348,66.93875140559713,42.06154631689721,12.924624805984099,42.32755765612369,0
FRK28,0.5346159829907547,79.63300005125623,61.592971672282744,0.7056415838137724,28.923450558915064,0
AT123,0.2162032198756248,18.43942123585608,107.50738904663999,0.45047103828088453,29.070509990392804,0
FRK28,0.8866623046903231,80.13155798691439,83.24476949157972,2.83953329504296,24.90524911386094,1
DE929,0.7386944681146826,63.232661831344394,34.40836332221041,4.145126687769334,10.275066675197998,0
AT123,0.24204452904796556,93.60079230817857,12.14779481333249,-1.2276914965156571,13.496419355221779,0
FRK28,0.8792923198012031,61.675086544097326,80.1948888827689,12.91954659537355,27.936794838891693,1
FRK28,0.7711035830620164,30.106004012460787,51.607911214193194,8.407310237265467,8.584271939799255,0
RO111,0.23844089500201512,94.72962867604419,67.13220605774983,6.897211270273068,17.493544192764013,0
AT123,0.8917370740485477,15.875750279616785,2.6550829379579755,3.84298056432338,18.86600844199094,0
ITF13,0.4552405580696409,25.665348030703615,92.78350426863464,-0.03355922943680589,30.02759390028969,0
ITF13,0.10956576151015095,87.16533390057636,61.950810237125914,5.940915013092836,42.880086191213955,0
RO111,0.8017295328942756,78.84271238258013,143.36218947472267,-1.5874925710746401,8.41180205984528,0
RO111,0.24740954228789525,33.38058031251422,137.76958160869376,5.672811448142092,25.30134317996286,0
RO111,0.8061923588706112,86.20202413099129,56.13581184795889,1.7986379366354655,27.994814546905715,0
RO224,0.48527666111887,79.15199031853221,23.23732415089859,13.079860733099725,34.394971343623226,0
RO111,0.8749989918323635,11.057677395856324,73.38543389776925,12.446175669591312,6.671784529717028,0
RO111,0.17788670490359682,16.68808941904638,62.29047527276586,1.5281703538102072,5.117838906706217,0
ITF13,0.878589618194299,17.05106316940076,16.571645116036805,7.696760391792415,7.808625594369631,0
DE929,0.7077475119383151,12.883502497067557,127.07064939748571,3.634606153662176,24.6465649481639,1
RO111,0.17669725295649583,67.21175023512684,146.77481557103079,3.153448048560705,17.39142695021314,0
RO111,0.12771476309252058,19.809662524927152,5.584870398604702,12.790209142823926,23.485090523134676,0
AT123,0.2742328929334093,62.23989469663643,55.91392488790049,-1.375788239209903,33.84133751936526,0
RO111,0.21552616160547747,59.164784482687615,13.327834576910908,-0.8951530128936591,41.21638131705637,0
ITF13,0.6746201118679529,19.140913840741568,32.436634975944074,14.529728888746092,35.95281118298598,0
FRK28,0.8918196698552268,74.01690163461791,122.62504970306038,-3.932747814235882,18.663987929729018,1
AT123,0.8577631819515518,4.379866861078452,116.33560105345592,14.792803953151761,37.90340099657961,1
RO224,0.2596528681951871,65.47183151423266,16.8367035547197,-4.361093444193028,44.611731865288036,0
ITF13,0.34972712470095924,39.49041084962944,18.891874010339627,1.3509623393575936,10.341868967026116,0
ITF13,0.8997907861686671,23.20759442235232,104.81399883504987,14.521026445606445,1.217252924825826,0
FRK28,0.5248900317053334,11.205654969500877,103.66712909043376,-3.8064075303118527,42.93291691113575,0
RO111,0.7441659163584682,36.12815904489711,22.444352694759782,4.0504645036839655,8.627896566925301,0
RO111,0.7032681528231642,11.581435094617532,51.12896496581639,0.7945424994195065,34.327041927025014,0
FRK28,0.2150710276821343,21.148363372319768,2.0104714831439052,-1.5014414481907035,20.33318596870143,0
DE929,0.33256338752541104,93.63903917552231,79.5322761209146,7.221083151986015,39.19416575576439,0
FRK28,0.1365077404390136,47.90270224477643,129.09003316628872,11.480571514649775,4.437410569318991,0
DE929,0.7346746170282596,97.9150257659439,41.43638350470095,-2.1500487860441253,3.5945806780470066,0
RO111,0.336955341050564,22.954914690099358,148.96009257636038,8.552172870627825,18.29637463901949,0
ITF13,0.8568909651981068,15.323502731555505,108.98469745088636,-2.6714888340330356,34.56206151661249,1
FRK28,0.3820208925985663,94.82941063711301,136.79301530548165,-2.302953346335046,29.097477319698488,0
AT123,0.22960718878777292,33.49699267932205,50.41955789939322,0.3890225272971559,3.7379743976086663,0
FRK28,0.10966178893372698,68.43441102183968,120.9276584281728,6.176122344081632,2.9151117910714093,0
AT123,0.3595537472931546,39.6512907785154,67.98102368691886,0.15307779385310027,5.054750353140359,0
ITF13,0.35914026558505074,17.998198980438886,24.403909256106154,-2.1483991020522475,22.788311557746812,0
RO111,0.8300788167331291,58.6301763120677,46.498521123970306,13.864584718219785,32.19343215555486,0
FRK28,0.48113250911341554,20.166754040487113,92.29417053091457,11.93680999822703,9.947923652597819,0
ITF13,0.10452260263933653,85.1952857878472,134.60267618522604,5.805532749949826,15.479978912333424,0
RO111,0.3241353220966004,5.855690033841821,104.46652566804826,9.652435301900509,6.515263185726617,0
AT123,0.6741499647206257,72.67035170771935,104.75811370036041,-4.216750120336243,20.03284966823435,1
DE929,0.716628145080135,96.44108270095776,119.4200316806144,2.433570251500665,7.918779464091376,1
RO111,0.22897635762773466,5.419686484873177,142.61637246769303,-0.7829186675858129,2.5055289788620603,0
FRK28,0.27233081573688533,19.84650281133832,12.779888359995335,8.036289598583632,9.437015188927507,0
RO111,0.797707125370892,3.659555023443628,116.18486398845432,0.6997474858418062,10.12206103674524,0
FRK28,0.8776452718076192,99.77690218642027,143.8131511266593,2.856987020281383,6.0751112418074165,1
FRK28,0.15735605444812395,97.52751082952848,11.112960095532,11.220839885401126,3.5133958390651254,0
AT123,0.858905152201756,5.2083617890462675,19.96534955800061,5.320298338380628,13.69408352661544,0
RO224,0.37313230507875816,98.96656078615314,18.269086384890254,1.8512690490626627,8.290878331587383,0
DE929,0.8768421261964016,78.98125892316494,77.68622956031545,-4.618772488763254,24.561170551372168,0
FRK28,0.671808723192122,36.46419835177138,38.851815386693424,-0.503334110082891,17.095331760994746,0
AT123,0.2604842189432686,30.603213193949507,51.190688259907105,9.736902500078454,11.323846207487367,0
FRK28,0.6233440616082735,77.76317106773124,127.21263114938515,0.5217505268007105,32.1912968584687,1
RO224,0.39123862822242106,18.279104009108238,98.91960721495856,13.67528666062774,22.44979168890688,0
RO224,0.36778223408083066,63.11523595606133,108.18939409552127,3.6700632513277434,15.751656885108577,0
AT123,0.6675517559799785,66.28356743078213,9.149996564976359,12.01665830112535,22.31442433579965,0
AT123,0.5659699491746131,26.01240749363637,93.2557888158598,-4.022573644043296,4.524071492614432,0
ITF13,0.5671224091650856,0.8248815123021336,79.1728780385264,11.89760661530585,12.248735965768768,0
ITF13,0.6947942152857552,34.20222855021316,35.99947793153792,10.57264840995946,32.036620289914204,0
DE929,0.6268976092454047,23.799119255760825,50.209086380257155,7.584864637713366,31.144274597436944,0
RO224,0.20537927774044748,21.13519152066847,56.17808936146519,11.18653803500261,36.315467432358304,0
DE929,0.29898872901848783,67.8611119261199,74.36604836874064,-0.36136091492346534,36.609815635712124,0
ITF13,0.7857908255272885,38.26580175845857,149.8061335646942,1.3197300833426429,37.551616937889534,1
FRK28,0.6761694521173125,70.14105406054301,140.21194145098684,-0.162575058140777,26.166246637654442,1
ITF13,0.8685441467310528,94.10228895526282,2.5790688624686697,-3.9302182088025406,15.795228600678307,0
FRK28,0.41686533599431275,14.058019436069403,33.3099208697435,12.479772653992356,30.214653054878656,0
RO111,0.6568914762432018,5.92502662760479,31.93829403514941,-0.9934093825196966,25.867299520231263,0
AT123,0.49609981440514817,87.20075714237147,66.0653161471272,6.270682251233236,37.390868305661385,0
ITF13,0.867991889027633,13.818438274348821,133.45114230465302,4.141411165190899,9.821161238777389,0
FRK28,0.7110195930059889,71.14490158767569,10.221438956383821,0.9398985977519425,30.749277996627104,0
ITF13,0.7170426462789767,56.892712898156226,107.18535384568277,13.98502051845253,4.460185540032921,1
AT123,0.7576075028181786,7.76664735599134,36.88940467941848,2.475644258726957,17.548736902902874,0
RO111,0.7685217860045342,6.081656562064019,97.222067183827,9.583495613332982,7.013606333426012,0
ITF13,0.36688144422339863,55.94229088310466,84.85148080706954,11.160945750431502,34.441032080083275,1
ITF13,0.8491448548298351,68.25354287363515,118.94607879298746,5.042448272298223,13.157723104356009,0
DE929,0.2540677238685241,34.39632133888797,46.687614916598044,10.144194653732747,18.273440566928066,0
AT123,0.2815007463518378,49.86657320137907,77.35172922878799,1.9385730115485416,17.65833265985043,0
RO111,0.8346617229392524,43.319460343119786,85.18576370126847,14.75168846221646,7.763898646191536,1
AT123,0.2743603833371461,32.16115561965687,114.07893213353064,-1.9249980972478364,7.135591764543928,0
DE929,0.6159241422950749,90.85546920610959,99.4842102380791,11.95029687022685,6.769243948715679,1
DE929,0.8498571455634968,66.9390037732453,66.30473881381488,-0.7812484063776655,32.162513654865805,0
FRK28,0.7709702651631679,99.3850467635831,17.351192714457802,3.3787790042166836,36.788051668090375,0
FRK28,0.10986109425653715,82.85469558775253,137.66260871227445,-2.6143624270093535,1.3558509250843773,0
FRK28,0.5446889656065413,15.918428778113402,105.98757020725407,10.413209247315422,39.11737690504071,0
RO224,0.7634452972911221,0.7031263009535271,9.43003000438482,5.396425595349427,17.81962444109139,0
RO224,0.553748582389654,42.11250259197045,26.480527477397526,0.029107071621503167,39.48896933468268,0
RO111,0.45057516237195194,29.17887442359717,51.4959331712319,14.347582226137785,38.90025509317029,0
ITF13,0.3577179472290135,94.996601638255,75.68483349205219,5.750332602119876,21.48208996035925,0
ITF13,0.8642631265451615,46.95396311607741,75.24118234603654,14.671362247070586,44.38281587121332,1
DE929,0.28463870068962205,28.866338017993996,50.97200451393849,11.499530457610739,40.0532258776078,0
AT123,0.7881729404233709,13.415843069822076,1.118812965875715,12.219135144343984,34.381542453482915,0
DE929,0.3579073268073246,45.38594655875966,66.59564133548277,-4.235091218783551,26.838295570121968,0
RO224,0.5087082816045194,98.6314079409484,63.42972856950166,14.937585468750488,27.317312828623848,1
RO224,0.6706697852977774,81.92096671014923,31.242543314211957,6.623201416982408,44.43908809340525,0
FRK28,0.101986612191938,63.8070764453346,46.5567441115943,10.611198024532749,29.48436156501288,0
FRK28,0.10358161862583204,33.71002820662026,67.03001323848319,4.635220119366226,29.71776534313225,0
FRK28,0.287385304935288,80.18255054049173,120.18605065351211,12.154883583350287,17.63830040761607,0
RO111,0.4866480907696279,13.426413531530413,140.57997143049826,-4.051739248429628,24.619700074660823,0
RO224,0.8074242320358885,22.526552537704035,103.44263806624991,9.506121961251262,14.047141431652305,0
FRK28,0.8670291252715959,38.139037023700915,116.82563502100116,9.533346721756367,16.333900877744586,1
RO111,0.8831149856985261,81.10882229890176,105.16032119451661,2.1003746772791487,24.967743516413808,1
AT123,0.3408297990041012,31.255010523586147,84.84250034390465,-3.4142105182778115,36.226923879609345,0
RO111,0.6317412137291643,57.52421515074001,110.33661312080905,-0.5372480394750623,28.510748637623298,1
RO111,0.12213170841276258,64.07986501201258,136.1653996474846,1.3113641372717293,16.074768224273594,0
AT123,0.3741159434069118,33.79355872317753,115.61491212787587,2.144715172914811,7.126439233235381,0
DE929,0.8752723668860626,94.15641360358275,77.21260695710632,-4.418203958616256,37.576707875771646,0
ITF13,0.5647450587833475,72.789096610385,127.13792296524316,13.138421413362732,14.57053257372671,0
FRK28,0.5964129270706322,89.32671001500644,29.699572991505097,11.23386539494621,14.908967366450007,0
AT123,0.35112640015903096,11.150657742598435,81.04736286016288,12.135675526202025,25.906050231333683,0
FRK28,0.7209610631125613,79.09904342383885,58.13085717380871,-2.1164930437316465,10.685393398707085,0
AT123,0.6240525126294327,88.66248370830003,52.06991729910153,3.28422118365304,5.459345190378541,0
RO111,0.3140168572866311,7.932174072855114,111.09065404907349,8.85807288638908,24.59493304306538,0
ITF13,0.5013113852489421,30.852230122532774,18.058053631186972,8.78273918637042,44.51063032298476,0
RO111,0.3656903112333886,97.0670542502028,65.04278327904711,1.2398748609061938,10.421823743948416,0
AT123,0.6472702696561884,80.99077699373616,72.64600933209042,2.0349086158493757,42.11093272108723,0
DE929,0.14265614904080134,95.01846197573562,20.749137380951304,11.145606956342487,6.5574611393678826,0
DE929,0.451160765080415,33.41258118939865,99.0058700462749,2.852255690468586,8.292523415521785,0
ITF13,0.3107813129102832,83.96391274953416,128.3908622708744,2.137243826315391,26.601493549158956,0
DE929,0.819636105022012,66.74640549532465,23.32240591161448,6.618681838115684,25.86414774211226,0
ITF13,0.4940512319228837,20.13813785731874,43.3427578515118,-1.945376794099296,30.17581188000786,0
FRK28,0.25692591151031574,62.856354110437465,77.85035771780139,5.637480051821784,24.71715653320139,0
AT123,0.25694546168891497,34.86931991566762,16.33391733741077,14.263265671692203,25.540757344774267,0
RO111,0.738758645951497,21.001116955031673,86.43878228855164,2.4276281780327214,2.006904535587247,0
AT123,0.513213426132933,31.862471545147354,128.36796592379892,14.918975527940624,15.660785006209284,0
DE929,0.6701640310572727,96.70363544973792,148.933401048025,13.740295220119524,44.41458997615265,1
RO224,0.48415501466332656,47.41730994467473,31.99983526750386,14.106750204715599,21.18304592703273,0
RO111,0.1252427440201334,52.90342239511986,23.387846840708242,7.1991829769902616,11.440505463088172,0
RO111,0.3192382006078381,61.65263890670107,76.70844804301599,14.57185374882419,24.28172594996933,1
AT123,0.5983057443242071,81.4703784974257,108.6406335086495,-2.802581417995207,22.590063409327723,0
AT123,0.8661629060644198,33.98427103887899,112.97270435658349,10.073332540450217,8.524152724729406,1
RO111,0.4657223373082007,25.21209489922117,142.55633506559644,-1.2187259797321004,25.054919659906325,0
AT123,0.35581480644739416,29.96479353933078,56.38369993344206,9.460841283764974,6.718669797669443,0
ITF13,0.20090898119557707,99.76737733774092,19.604008092253316,8.675098838663589,8.409249663584399,0
AT123,0.2073940357978386,87.73526471827671,126.67694628656258,-2.674351491896445,40.140640236447545,0
FRK28,0.8470326049653679,53.22674829828537,72.43298935614894,5.751639926117093,8.010525446796876,0
FRK28,0.6554527392505319,4.971282280626921,63.85121118322852,10.240963921877881,16.74422912539719,0
AT123,0.7954087082016627,56.83276110393906,81.21903915426662,-4.090831974924207,12.068022462554998,0
ITF13,0.6752495105411794,84.72265461347142,99.31121099113695,10.979210420909833,9.813305270681848,1
AT123,0.32622858232687124,28.9625614679067,78.87334204879254,8.300787667667569,13.487419434585028,0
AT123,0.31702279859535254,5.32220250468759,82.04588202889879,12.995841922270504,19.127898005885704,0
DE929,0.49494084386017634,42.97653230587187,4.18445369788914,-3.2092646780595335,33.55427677382797,0
RO224,0.45870442896460284,91.84173377466401,68.77372094002294,12.64048743179606,16.688970328998863,0
RO111,0.6948864778878738,97.61206948234978,64.98824881796398,9.541042069620989,24.487823904560244,0
AT123,0.7808873453580324,62.10777865214915,118.05029122902782,11.90357547494109,27.093211756953057,1
FRK28,0.3329381217508518,71.22216816814111,93.08133668137575,-1.6433634345638226,29.162164584143518,0
FRK28,0.24248828038032944,9.044827694473733,65.84657343433976,-4.217603137834958,44.26519902401326,0
RO224,0.34694489270470186,61.261241701164536,26.882689169090447,11.471895097277535,13.328456761019462,0
RO224,0.2846554848872046,6.880718376058459,48.26820179834787,12.000816106774316,35.561692801434475,0
FRK28,0.17124481670747596,13.22795347141944,130.5774892420084,0.7137051472973477,33.43201464288578,0
ITF13,0.822941583855575,17.20680553574421,88.83623601989385,5.307727657292464,27.877062352090846,1
RO224,0.3603228086857472,14.638478368929276,144.20285971520178,-0.37439342924659336,35.97499282122783,0
FRK28,0.8189273009003953,16.50764979096052,130.99448467415635,0.8223608817979304,15.975727402822073,0
ITF13,0.6747216654620927,71.48942712235588,135.78715847338964,12.487095420659248,39.150849924296175,1
AT123,0.6211508047972211,92.65798430679094,115.91487373197018,-2.22311646804481,18.726416202041598,0
AT123,0.430222925564573,28.21001079432991,14.89130961455411,-2.9964773473813633,43.93528994043912,0
RO224,0.8170969957360418,26.95700775641083,126.52336678131829,3.788845010736299,42.242912963065315,1
RO111,0.8636259062505348,63.21746962262831,37.61357412301817,3.1976877995503994,2.106948431945645,0
RO224,0.1785402898265856,0.38744319110176617,39.22417133914251,2.1356195658608375,14.491701920159862,0
RO224,0.5593309912475689,2.455054086436226,136.05704005633893,-4.458102883431543,43.801154508985114,0
AT123,0.52249552823658,1.9097752649309352,117.36401750901344,13.242806795800007,4.683766545705642,0
ITF13,0.26117748735218993,69.82968214509808,146.10700553244635,6.180719711989491,4.997302447163818,0
ITF13,0.6733720063262583,92.60987329642897,28.10835654695908,12.363297404107648,11.180330938803598,0
AT123,0.3342878912656089,13.284569944824675,52.92700168402876,9.290649093954881,33.69780680697381,0
RO224,0.5603938457878835,67.01967178839617,112.86725882886189,0.4969908474468987,26.142369732867238,0
ITF13,0.4561017936129236,90.2110049549681,137.80654441740845,3.9799385620877565,4.970000142623359,0
AT123,0.1932510954765615,63.00933919856091,73.03035618627581,6.369686863163654,13.044040319729124,0
ITF13,0.435847026868592,52.543447772117446,62.31232129920395,9.964135025028273,25.0545291807013,1
AT123,0.7637540374187463,67.7930998512788,62.48647350189816,2.52975288410145,35.38070075873708,0
FRK28,0.3008055366625709,29.283026413361178,103.90080190906603,-1.8580494539123071,43.61166104418756,0
AT123,0.5747608749032546,2.4172247530906854,32.72442120983799,-3.904739870355838,32.10847731414418,0
RO224,0.19179260566344125,23.141587822424615,24.23784611610574,-4.017948571487173,29.92047505132523,0
RO224,0.468422999978259,38.88210950307867,118.9410950392355,2.448008059197326,32.27178453544318,0
FRK28,0.8698358059069903,94.47390285616333,44.879156539058016,5.4886646686564955,29.55815727889523,0
ITF13,0.5391382303122791,84.94170765017462,114.0453254531358,10.930876404828076,21.034000598745404,1
FRK28,0.6919387368137084,62.99255718443237,49.55392544297389,13.908034340801972,41.64100712465799,0
FRK28,0.25385708787036165,94.64135414423326,81.11711412422216,5.965426575110474,9.918903981708285,0
ITF13,0.1627011394411128,34.87806545447564,146.6924955436409,-2.4969068372968217,20.41055766875845,0
ITF13,0.7213168127083482,0.6362658214973171,125.00211696221189,4.839756343289519,27.78473152633305,1
RO224,0.7492910207122019,66.24343672331273,107.90378675563598,11.671936625968534,6.437228534745563,1
RO224,0.7859716389415583,59.66406083421932,83.44883595317314,14.343791873990927,22.41767790308283,1
RO111,0.2871760268310769,21.87524427328623,36.90329297341427,12.726439025924101,41.54561017758226,0
DE929,0.3215058453214275,9.467189613079253,1.7687114253663427,12.034367710640524,14.12306440919215,0
DE929,0.7558488020502537,55.61121398613843,27.08155028380293,7.3225563738972035,40.45071043462691,0
RO224,0.5417784800833075,28.71146425484701,126.42221516657703,-2.518011813139769,20.118808067005535,0
AT123,0.8868862012633804,17.343116125882784,70.60469727483652,11.22569380088089,18.070664450237462,0
AT123,0.5151258424849875,11.826873565681995,121.8519546699039,12.822232015744245,28.619558597021552,0
RO111,0.32224841684802275,85.48425853736028,97.68245528389352,-0.5148441402884618,9.783971729750387,0
RO224,0.13929047043407172,24.3157677793844,26.25789944007727,14.555961438663115,18.240145735173897,0
RO111,0.8955188265986485,80.97010780772615,58.445446874377225,0.12044438457549944,33.0785351623234,0
RO224,0.1660600059292306,28.00609985453231,44.79396778818213,-4.71944014616567,13.758526396240448,0
FRK28,0.5821037864837738,80.4685214685995,37.94707371240093,2.564086705301478,31.91455033169124,0
RO224,0.5261653652663868,10.072565452706183,143.1038890626508,12.711903081068783,25.187228901615406,0
RO224,0.442169565293295,69.87537712334982,117.78378491225402,0.47902339795818527,28.986161242319472,0
ITF13,0.6815760414513989,24.687813848018447,15.50673978605941,-2.1708643499850133,37.35689034789252,0
DE929,0.6101905699244923,29.793402928289836,49.717677404976044,9.893498531655347,10.728098973498064,0
RO224,0.11650935689919645,32.02821254049818,98.88782308870817,12.775376919697432,9.76959148916567,0
RO111,0.19198711080231468,48.7020716046326,130.15698050271732,8.942727964610164,25.065467301783436,1
ITF13,0.7003966417149718,47.35021548737741,79.47066835720112,13.916952263724077,37.130300156585385,0
DE929,0.5243422354819187,72.1198248741232,33.51821824130477,-3.8626981594508014,13.182907393729423,0
RO111,0.3239529283300797,0.02116175689862443,122.2563635867567,14.66057977537907,1.5540691094464432,0
FRK28,0.1739019806329714,44.63445248931097,136.11985723371305,-2.8018304431323005,11.797471900670773,0
RO224,0.5230699496239533,8.23066013865893,67.25009909374565,-3.3452327680239136,32.63258627506748,0
DE929,0.477629777874491,93.66560093036045,124.72509349562849,7.455134825741345,41.953716388916476,0
DE929,0.41827671202911343,45.4248496524438,2.0175377464384523,7.118916591338893,25.51566490529411,0
DE929,0.25655280874742326,13.87769966274739,8.023716563454558,13.954930828340643,43.53998342154683,0
RO224,0.12567511888478605,51.76346982050123,75.5901544092243,12.471936532672586,15.383707422695366,0
RO224,0.7903232260410191,38.930106724769495,138.2725112278613,11.256772802761109,34.7956037849935,1
RO224,0.4283665737552794,89.9696397680118,21.10626426891545,1.592274313057274,3.368232736115885,0
RO224,0.7816286886289019,66.36767759681177,12.87775051321567,1.2542615065916962,25.901902610500294,0
RO224,0.5954603181805161,30.40837496227664,131.52071011515,2.0913601527985275,25.626945200798403,0
RO111,0.8612944599245194,7.609525738319034,30.041260410861838,9.96056688823903,17.83914972900984,0
FRK28,0.113316505728785,3.4621661969958084,101.76160909802402,-4.014749993641107,44.070440550575604,0
DE929,0.7860567104903231,53.98115398654358,42.717884162766076,11.143282537072214,11.678091907516063,0
RO111,0.622940968488235,23.336316948918945,39.719804697962196,2.3494467771379224,17.30513380906753,0
DE929,0.6736166329194853,21.606711226762076,72.63472774346371,2.8532932628566847,22.13982732983256,0
RO111,0.6878377123199442,64.63981639174142,82.54237632072682,0.19024746711763285,26.186951675491795,1
AT123,0.39604456977138325,84.23347490471244,69.62335686007583,-2.8740365102271714,7.571531879575341,0
AT123,0.26339717296664966,50.831942550734745,73.98791714611751,-1.0655053571890938,34.52659146007687,0
RO111,0.6481172612584054,35.431018638319635,2.8412805802074113,1.6454713627565116,28.113949841767834,0
RO111,0.3107867417687693,48.42189324192589,95.48923836373162,9.287579679705619,32.44247518814157,1
FRK28,0.6665732482396661,21.017774772406327,15.602118630703421,12.451726739186256,27.155968265953284,0
RO224,0.5900553159784834,94.7241281112222,85.806633122232,9.215623277199665,41.51964839973742,1
RO224,0.6636901368533463,27.06082834365755,36.831597792067846,5.177260949764683,38.73537819223632,0
FRK28,0.4414596706686028,40.52420038942045,127.58294218608589,-2.5699258711907524,41.98066709394845,0
DE929,0.43343177825426593,2.3729999324423767,6.5755119877602635,-0.2849928928426486,15.963310306276206,0
ITF13,0.4207114825289684,63.18248778528792,126.48920853843569,1.5105409277511246,7.963850077182077,0
AT123,0.6372807270300103,71.07097212586396,121.74619662132405,-0.20642025113631846,35.94780196867642,1
FRK28,0.35812463564195607,74.59735935906212,102.20424443057989,11.11903631188548,28.88066016582497,1
AT123,0.576402310691843,90.69153816403265,91.68300627059617,5.327452141204692,8.37340086719344,0
ITF13,0.13420282016401652,28.498754803688964,122.89619206304862,13.762635332420736,20.388895864593664,0
RO111,0.48652111552553057,49.762575736545934,118.88148695411346,-0.44820374779370287,43.371670490888675,0
AT123,0.5755320439219677,31.908493717389884,16.40955253960109,2.7647194707758356,10.723040311221194,0
ITF13,0.5462196529007414,67.7341481784231,87.83270062491866,7.651949026765726,35.79625789765297,0
DE929,0.4618909830104997,71.6324538450976,48.72524097659361,1.8433790671233252,43.00523332000545,0
DE929,0.3734208180640184,41.197045812150066,70.85962052399421,-0.5340064972844738,29.73503451154048,0
RO111,0.5758752259057227,23.88425859909582,128.8408256110558,11.343641725345414,40.59442377989377,0
FRK28,0.7679593793587868,68.35814798150128,136.95462151251766,9.243293782889165,22.61472261632494,1
DE929,0.28145962793074963,49.45063154156569,28.772800884822885,7.057660427623437,40.39552611549821,0
DE929,0.12690205265746599,49.193746333824826,45.056564876582165,1.878608085253914,15.202148336691332,0
ITF13,0.743895789580613,95.46688999937875,73.18707994125438,1.0338583332015006,10.364617050955008,0
AT123,0.8262538695704194,74.87814073365094,10.413145161221966,-4.393078735164712,1.1045088509373815,0
AT123,0.2750170197245277,63.28846079737336,111.38483405727195,11.434542786743712,31.64255756030542,1
DE929,0.324453955508463,2.3896179386772243,31.59485831689465,9.7446925004224,42.052327233527734,0
ITF13,0.5370425060110269,60.55033612630996,55.04124919626825,0.7751966228250513,34.208421535420335,0
AT123,0.19060030416360388,55.19460849916796,46.54786699731446,6.956534436968935,12.184932001180796,0
ITF13,0.8145090921766246,17.93264621526368,143.3372202850454,-4.190462531688752,17.979737952797024,0
FRK28,0.5519667598581101,34.512826816652456,134.689603930843,11.754086054222132,1.4254030020782635,0
DE929,0.125057344609841,51.078119850758476,98.26898479142756,4.465473508631938,22.546855231709607,0
FRK28,0.2693576701529755,86.36922331245816,15.799472280863402,-2.6254960203734146,12.314512434771506,0
AT123,0.5147761507099536,63.54022606648869,82.11938554330628,8.438371014703812,31.90583168853546,1
ITF13,0.558575812126206,46.39460872563801,136.52812865604236,10.921938126597006,13.462157480283356,0
RO111,0.6606013916024945,76.71603583742574,64.63097522011407,0.6746848555923783,11.463039402131894,0
RO224,0.37698368986613884,15.977795457072219,43.690136931979126,6.841751746483158,8.064116476900459,0
RO111,0.10533701671414537,81.78308708339908,87.67907021757959,-0.6630701212907848,7.157710217484627,0
FRK28,0.8348835307393879,52.83272537125154,1.9903899809830539,13.86168661503952,42.43292447459684,0
FRK28,0.8734371284794887,41.9057093990429,144.2351378448077,-0.6908135881017934,32.543839033406954,1
DE929,0.1490065246024365,35.44098805196705,43.16236703995665,12.861169432441052,16.808492436668143,0
ITF13,0.44366974271166215,13.42431600563656,90.61207696694093,11.069070339495617,43.16989481832598,0
RO111,0.1759931356188803,45.18535407651184,116.80896712357006,4.339876148359513,15.922685341598516,0
DE929,0.899479283030827,73.91022624262155,142.6491076676241,6.1622626867116885,30.994617585358604,1
RO111,0.2369124363101901,46.50441444743427,77.63369426408657,3.2491446519322214,32.47131789321793,0
DE929,0.6576058995268536,52.4234179018095,107.60883119057299,2.9310308057048795,15.341336493442292,0
DE929,0.6747985577999785,87.82693766094441,24.660160478128983,0.9211964616799095,22.95620539522859,0
RO111,0.6767031740240249,73.70455722610492,85.21554342927699,14.648365315713388,42.10219303586752,1
FRK28,0.3819768763038426,62.937995666482585,79.56962271254112,1.772222671680197,41.452579634721836,0
FRK28,0.838219170268716,69.54381339576967,37.13408914354785,-1.4735899274500897,36.02220745616114,0
FRK28,0.30733714162020054,57.22329967639814,124.1150031970585,0.9843045203576288,42.548665760346,0
RO224,0.7499116052396817,20.760444390515374,62.42122532510945,3.309981051956184,6.174421087843145,0
DE929,0.8041828219579245,78.63077409615455,68.35079906507254,7.2251210338498755,41.991164679729806,0
RO224,0.31282395088870607,62.31595874496705,39.58701473594728,2.9291021546910407,1.42375705630519,0
FRK28,0.5560502222141438,69.17137584947447,144.23984032291136,1.2346512632167244,34.62061597904879,0
ITF13,0.10677641066037653,24.598337050627205,117.17934147431116,11.331331690427021,11.817786803617079,0
FRK28,0.8764942533766493,68.44368049115585,82.09673896676757,9.222190789747824,26.35740692453356,1
RO224,0.20654264842217201,92.68196083260656,78.11068149993127,1.2033006362747356,15.7233259016415,0
ITF13,0.13343450866171472,21.835010750957984,17.80819933305302,2.3199359645860484,5.093869482079892,0
RO224,0.2061639758743864,41.439203158934724,90.68432025471964,11.6815788039018,41.78595381253205,1
DE929,0.3137239565910147,60.235404791457945,66.71722957735157,7.117351755256784,24.561317223296296,0
AT123,0.12626717088660167,89.56066152670839,103.729024614977,13.35377658411113,32.97201446631533,1
DE929,0.4819567598111586,90.90377058025331,92.41740360379809,1.3900680625479183,44.78282332624459,0
RO111,0.399270097983461,6.607416302207836,142.68702868133812,9.866477567321684,29.19199133507397,0
RO224,0.5379529155953304,99.7203689971067,54.187947375739284,4.01175438133976,7.706648034608475,0
FRK28,0.48884861588477013,45.317617983373104,122.69133707089756,11.866405488048425,27.962033597630217,1
DE929,0.5303602699804482,47.408252359155014,98.4495216347987,-0.19993149487491024,29.403613737747364,0
DE929,0.3225187610742866,83.07366413790363,131.45815923550484,8.548057174273236,38.3860637015038,1
DE929,0.7130833542826885,66.5630180166056,137.7301801469201,-3.305116927701155,43.35797315127007,1
FRK28,0.40392700262049597,39.625576068507975,48.323785214097086,1.7465364662813654,11.211187113435773,0
ITF13,0.46683363474244777,24.320270863906824,35.95249839073079,2.4958099462537024,42.3563835083321,0
FRK28,0.1874661056685989,2.094546065062708,52.18785758656016,-2.130134465942024,23.33570598291874,0
ITF13,0.6044637223519892,75.84360907224965,86.68063893866844,11.809287760038565,14.12997128766922,1
FRK28,0.44100179800394546,75.66099526408809,24.96982549430855,14.855021468849682,20.07744799073822,0
RO111,0.5074369181203757,22.05192154612533,137.97823520953648,7.47713942505319,23.394279412413628,0
RO111,0.7264732576922635,25.63291865492835,26.081125570794146,2.4174764837736706,29.45114821897667,0
RO111,0.6086311920226171,26.087948895517343,55.51868385355343,-0.13097916983299918,19.62042570582734,0
DE929,0.6879083468463182,94.0186158941405,6.687178605286004,11.464290198382574,13.373700861424437,0
ITF13,0.6846324554636429,11.496530496971003,81.7651452932742,11.146924234022148,32.13775096037095,1
DE929,0.36090033840122915,13.788198062099166,132.41053399487242,4.954875703986094,13.868708796706295,0
ITF13,0.8993767886852303,37.01455835851431,76.86193694170811,2.464485174242725,32.513598815277746,0
AT123,0.3316569583065835,70.1386133026195,123.11317217236741,6.416091415027157,32.787665898859416,0
RO111,0.6629461278238509,94.82886640468749,99.36163357615484,10.808842229283078,32.640815114601864,1
RO224,0.21901925691640162,5.736778455782221,108.27286499080844,14.1507617341783,37.0223212684775,0
FRK28,0.6755132520531677,72.48641990007086,90.78433773041972,12.073153813813061,26.766658179613888,1
ITF13,0.8241209330707229,34.27528147990424,41.9968553814423,12.296507152573003,12.657166939182789,0
ITF13,0.6693491466991944,1.6353304130774626,101.84622906552266,4.853522820336991,6.281933810021007,0
AT123,0.46816844841092775,51.801029142335764,133.37388422532104,12.35352361037274,20.385745745070984,1
RO224,0.4703436051716977,38.53402729295035,139.74902466201155,5.091902599260653,22.87949476711083,0
DE929,0.48293810851881736,99.82139566541463,6.006760830474983,11.026833871008435,1.4748572548472692,0
FRK28,0.4116320887253918,23.816440029974295,89.14095953507064,2.3713008017963677,3.8688475548061767,0
RO111,0.46171445595231964,43.676085742467585,139.83014985812284,4.342703132906539,36.531666884030095,0
ITF13,0.5775048616904374,56.15712033896884,52.49194636353208,12.656736160870864,28.087344486187735,1
ITF13,0.8620644821532559,81.48553886516264,99.99748129527707,-2.344747068788775,17.002560144150284,0
DE929,0.35209415628733143,78.17463632754426,8.944680678949895,9.64235952953559,40.33242067015932,0
FRK28,0.3232878884701867,79.71115364969829,67.83496741129402,4.565080919343629,34.29588294689969,0
RO224,0.1265729244343894,85.07350397863932,81.48662921424952,-3.304852263101028,20.156695038583592,0
AT123,0.4909380662669173,15.445057967685916,15.90949159815912,2.198260922686961,38.33551013029987,0
RO111,0.7337171220948144,44.625396716997,92.32955275596107,-1.0008580061993833,42.7899782033202,1
FRK28,0.6721665474011811,28.174712075088937,146.3530719512086,6.46111571608802,26.0822484225343,1
ITF13,0.588346525785433,29.82903382893469,140.03548195533162,0.8006595577540594,1.6658624811329998,0
DE929,0.8703644867285727,28.723434320662143,27.11967997953603,1.081425428955174,30.478553404628684,0
AT123,0.11796345441346708,36.59313883937041,125.12487940219229,6.9600950843971,1.046214354061752,0
AT123,0.48725571764166864,25.8889795689791,67.58695402561014,-1.6770659569692614,22.47620292953593,0
AT123,0.8841439560011114,1.1581891015215784,56.3836205628657,5.80559449232037,11.032099063574929,0
ITF13,0.6920311317203713,70.95452529814258,139.31241805744133,14.402370604872864,4.948989320295468,1
ITF13,0.29540861275704666,61.1676934863319,18.52000190474487,5.908545871189588,1.8696561955619768,0
DE929,0.4048112889080825,79.1294969677139,16.62311006944338,4.125382517297659,2.902109000348356,0
RO111,0.4641490609385065,88.04636698869774,92.5921092924243,7.58773923825737,30.054749645129483,0
RO224,0.5357557309532933,69.69792101756217,82.02118604891012,-1.471415692523721,32.619769411462116,0
FRK28,0.14138475570932307,38.66621983150883,35.994188192386716,-3.823784188781094,37.84219041477815,0
AT123,0.7307484108685783,27.31059973747847,88.3424106571107,13.45061902525892,32.83152791741931,1
RO224,0.8173784632405539,93.14985096215653,148.81991072371304,13.646105653733173,20.01096972864238,1
ITF13,0.32726430676088736,68.5328478054237,118.80725103565238,0.9504805781043801,2.7452495688979486,0
ITF13,0.17420662395414716,11.508173416194333,108.71527421812132,1.615252119267609,14.898909910829467,0
RO111,0.3261191186519617,40.74508075812888,101.88978609486715,13.244539988731049,14.451501439816209,0
AT123,0.14925921188098432,42.64498201600968,132.01870258953647,-2.789656660011952,35.31636536051644,0
DE929,0.36880924350128685,74.64963966990346,61.5421018272391,-2.461052829959076,13.263790389321203,0
FRK28,0.1500154709738177,63.9074821463189,63.36650255641181,-3.0987981912076545,15.668055285381634,0
FRK28,0.10173934293448772,31.542589482070394,7.903522682669878,6.897568911465166,5.630413675745218,0
RO224,0.35880394033803964,75.852035497685,74.22169205294726,9.75463316507721,12.8552669832391,0
DE929,0.5010998281519333,10.267560005408683,24.119638409995268,-4.480777080792297,4.035070582300817,0
RO111,0.4775996788581355,24.87886543460103,66.97849181955294,13.902471621895817,22.004449741389262,0
DE929,0.4094969313363781,25.494556807721082,123.95543545279496,5.032467622464347,3.693455002904439,0
RO224,0.48326797795584164,92.6344639128017,88.28314132881086,12.365098445012027,36.35204612327989,1
FRK28,0.8981663122572211,47.332165082399094,35.196371054984596,13.92887420498845,17.303058842556013,0
DE929,0.3350200125326931,33.76708373820608,135.72890077770094,-2.4131830913188868,36.73080751763926,0
RO111,0.861864931291859,79.73392030383638,116.47353174609407,-2.538831179372578,2.9719036502982505,1
RO111,0.7674742761144285,21.332926169749623,128.79085171281028,6.04332837632861,2.4630318713596298,0
ITF13,0.5532153086055382,5.780878584179128,5.819097609399798,14.93041336360654,44.15283021643195,0
ITF13,0.7715854188190938,42.120580789766514,104.38913073895492,10.377716706167543,15.71419862643085,1
RO224,0.5233116473416013,26.428697780768175,24.251057068294358,-3.2242256432265903,17.796995463606294,0
RO224,0.21540464152947048,85.77871905278246,80.61597774675992,8.909525232112298,12.498849136772428,0
ITF13,0.6255854647410739,1.358896861173775,8.314549847313174,5.011569090742549,9.249549499007124,0
FRK28,0.38428923711244,43.825420761709125,13.156103677125042,10.760169105059493,7.979826734109777,0
AT123,0.8149039041020408,40.96804254341018,75.18636309476949,-2.6711300055421905,39.334564323017645,0
RO111,0.1461332307090081,82.19418702295849,65.73728144909293,-0.8928623326639133,35.67974795065355,0
RO111,0.6775244825178264,55.376352336530076,127.05404889347476,5.0872636957374375,30.858344127807086,1
RO224,0.1259135909165049,7.692115485569029,50.928487612307855,11.295253351653066,25.132448965339144,0
AT123,0.39791127826330674,84.31774325058487,104.98953016346852,10.158948483559485,40.05726049131004,1
FRK28,0.45293372301417356,47.955311235795214,35.197566143814676,1.5756283772312818,23.223801068560253,0
DE929,0.7555334142815798,79.09327694591262,63.22128941007942,8.391949674091572,12.105766330394832,0
RO224,0.6543076376034167,67.20159953371376,145.03636226107957,6.105772427045187,31.40455330610551,1
DE929,0.709735276822672,87.21219014895418,80.74790057242525,0.5664236176325632,12.673356340892497,0
ITF13,0.42723554701038113,65.28512436354194,34.381020841289015,7.42254341618521,7.377895511616222,0
RO224,0.7373775169587917,75.62496988633829,135.7444128543275,2.388851002378834,38.19402887439933,1
ITF13,0.41394399773557655,12.665406009647262,27.858388462559304,2.644434519293693,8.85528703094025,0
DE929,0.22013598913882318,65.49702074609259,71.41579901440365,2.3235298192910907,11.33816785283358,0
RO224,0.24614104120302455,29.879044588648995,143.0625431403125,7.864839107552854,37.20518101391146,0
AT123,0.16289279617122487,61.596819834426086,53.75942200496509,2.821211838427418,17.085657906398186,0
RO111,0.29623060560159464,96.85120457344178,93.78781811931954,2.1497312299421782,11.756671394823902,0
DE929,0.7313398746209626,45.42632902458733,92.21278698012657,-1.729295061890035,19.017163640652143,0
RO224,0.13435703801948692,51.919472626823314,3.476720366004421,9.661404734056767,25.87783669224667,0
FRK28,0.7431243472500383,93.02840709740343,27.53634071324817,1.708019013230297,22.282885416989593,0
AT123,0.6141135894592767,86.15212089142265,62.073787167511,5.742665004862532,38.19483596834003,0
FRK28,0.44025930965533455,10.961670378518651,120.54613712887246,2.266002515219519,30.350447975587677,0
ITF13,0.7116197510086834,19.23362870093922,144.6889343393467,2.594467212748559,35.38969932009972,1
ITF13,0.5815756294163799,96.8104937369063,82.43986639937705,12.829287256743019,27.480597786502194,1
AT123,0.886721524294669,0.7461416257012243,9.455784812876612,-4.480649444368565,9.125959857838088,0
RO111,0.8444266139157897,51.93758447013642,147.30897478841615,-4.638368827542085,17.246388165670297,0
AT123,0.4782285658345521,90.18481506173023,119.71330985447634,11.409327603386053,27.589592005137952,1
ITF13,0.5740883159319249,33.71882320696608,108.65276466135917,10.733420658336945,23.089437417852217,0
AT123,0.5462161387039821,12.98918155498633,123.47177033934793,9.380506359162082,4.95028421235248,0
RO111,0.6827075071558808,9.320269695690818,124.55834328763144,1.0449834576115968,19.952678983374945,0
RO111,0.24643712016613917,85.33448393372527,28.129136271759155,-0.6037121199002744,15.110320988960225,0
ITF13,0.3374743302404853,11.833839600276752,66.79436128600088,7.488737898957625,40.710238133124264,0
ITF13,0.3408306440411075,49.203380693442355,49.34324845155734,8.26596169477506,42.90879051079612,0
RO224,0.7550907375254672,54.91534802261497,31.158114506331586,13.160437261924748,11.892229753133236,0
RO111,0.26135965846923925,40.1476789470946,77.07955481738666,11.747589860257012,42.088800605626496,1
RO111,0.24200436950633578,92.86389673866525,52.24431221915653,-4.934549295276918,20.118364041580886,0
FRK28,0.6558668227649886,1.325566393092703,47.376446999780576,10.700145211433298,3.4197725290116203,0
RO224,0.5173437765832343,45.67040238767457,141.8099993190419,10.42021211979754,36.279280443210084,0
RO224,0.3560525566074795,38.73661604276191,36.49825754121762,10.640307480899022,42.402878978782994,0
DE929,0.5780503720119546,84.54239674004499,17.757508826505802,0.7159806974416494,35.85243976761228,0
ITF13,0.544641698450771,77.20013778310737,28.49103338555364,-0.6146868812028856,24.911832832196065,0
AT123,0.4960797446873835,71.80355778550792,65.73317690721497,5.064021172494442,6.357738910056627,0
ITF13,0.6955151231153792,5.195776671095242,128.83627011415678,12.980060199760295,39.3270337255851,1
DE929,0.5345567717682972,99.60999123211263,33.047410388121726,13.421808976169988,36.954190900919464,0
RO111,0.5322955984245908,15.022217214078747,116.63278343678378,1.4262980102976979,9.114520618027056,0
RO224,0.22646788394660763,59.81573843221839,108.80007532915572,14.118631602684847,23.93620379553642,1
FRK28,0.8610394877607266,44.457556071420555,25.793693645650663,2.0165622862265753,37.41344805909403,0
FRK28,0.681296185983574,52.13472546480742,76.66444208248622,14.119068948384424,37.406738204765034,1
FRK28,0.3413608662832035,39.000856921316306,13.148920887585259,4.976321945809218,19.796100661331117,0
AT123,0.8550971257354253,79.09147619699627,31.886912084919416,7.216789780441008,26.473160658086936,0
DE929,0.7737160096801664,47.572293208510295,44.35233458327036,13.407892667108218,32.76694585748059,0
RO111,0.6732085032386506,27.150192141487505,146.4555632258714,8.828744180407796,35.28495815448997,1
FRK28,0.43781687071060094,3.438443342217634,149.77761448811344,0.06233901119738583,28.398389990046667,0
RO111,0.6772937938790546,65.51034793545732,89.45319436293249,-2.6539251543659215,20.914592031095992,1
RO111,0.6713622629736006,51.99307084668175,25.92146294823563,7.25720993844649,41.53509487852834,0
RO224,0.6931738731877826,42.69625921066502,123.98307088710844,-0.39141520872958413,22.263611628933774,1
RO111,0.6696941305498761,24.718297788159692,139.6093426457172,2.421423621451188,29.699997866676586,1
RO111,0.11570707705687147,18.245316225733145,147.78110911325265,1.5152431778811293,4.893200514878927,0
FRK28,0.22627366836802426,44.41586184135193,83.90343752329004,-0.47773298457673263,7.166065365545626,0
RO224,0.6814785103684334,48.367554135046916,46.128387469935426,-4.155812025435903,2.8940500726434384,0
DE929,0.18845830707579517,75.05045022020963,47.30757107132326,-0.8286873639489389,27.992719182912452,0
RO224,0.12736487481318878,68.93893513811669,97.41436617070599,5.029102354540713,7.371857912870141,0
RO111,0.34346119809672493,85.64244646047457,83.3519937962228,-1.8336572715965938,31.50747303566352,0
FRK28,0.4555655432204415,73.47600549647863,108.83589176978361,13.629040785619132,5.279244810829951,0
RO224,0.7979225159304932,61.77531045015513,1.979690234311532,6.374145183933608,29.542596538848258,0
FRK28,0.8784049710722136,60.18936403931659,40.885365980691866,-4.689691073215785,6.710783654278546,0
RO224,0.20668459827433266,28.56747457103017,127.53902097548077,7.225965159173576,5.2275853230073395,0
RO111,0.6563973751394453,96.5259453584546,129.44539744666886,-4.339703444242209,44.67655780447025,1
AT123,0.7316700530548027,57.97686671939882,131.8178032487686,14.953313170926066,36.78357656102117,1
FRK28,0.5147078030576504,73.22905105476369,86.56234698936335,4.976471037324281,28.55552563170387,0
ITF13,0.4150288164995829,49.33109883974832,41.84664294374474,3.709273577871368,44.31561401671915,0
DE929,0.8761665816049767,84.67024598206731,7.327437606229326,13.48697665693291,8.441822832154187,0
RO111,0.5377973719588426,20.726577884087217,68.00346193963246,13.275962204584964,6.799346519004074,0
AT123,0.17824386212361196,89.86520582889348,26.074789343219074,0.24245617235251427,18.13940220456668,0
FRK28,0.25532049049884964,9.152929872786508,7.583276498535918,-1.453212317028194,6.328037978477874,0
AT123,0.7000375199207509,44.335484553985694,61.34963532645804,-2.3769153253585773,8.220412726072643,0
ITF13,0.4932108477089545,88.41270676687796,100.33851048400068,12.351424142997413,23.686221598035807,0
AT123,0.659902191928162,29.43034831699436,12.538382742888905,-1.659838309012105,8.290794186695532,0
DE929,0.893151970283847,37.19121242973331,135.36882563284135,3.2392762712243783,23.408096050989244,1
AT123,0.6126486406479005,68.4082503862419,94.1921113364052,8.338840257688801,10.683062885442872,1
ITF13,0.44744004559432227,16.489326930395286,6.203272598459142,10.739506554871415,15.640810500503077,0
ITF13,0.48986928568368016,8.738654273215419,15.813424903344552,-4.994975740262171,1.8142372047450883,0
RO224,0.6230917220181648,94.88827189677357,90.26488848062986,14.196696647137195,8.887648610944222,1
FRK28,0.32021404936018594,76.65774816594823,124.45734857346352,-1.7526537736400072,17.79644986135019,0
RO224,0.8030031686612769,99.28375837450551,61.90905489623706,10.083589098096812,36.025618168561365,0
ITF13,0.7470551445700474,27.52978244709946,124.33115078784232,6.353302520868231,3.9762279642424314,0
FRK28,0.7161888954641645,67.91947571003509,98.46392904865938,14.592971785841222,35.50043285453036,1
RO111,0.822744656015958,49.0172480316925,95.1091386037982,2.6998728389309967,1.7201322535196693,0
ITF13,0.6925755935897441,65.03625953622047,75.7955027037775,1.7552211914192117,42.86525686068184,0
RO224,0.53638811771234,99.53710152602699,135.61834873792182,-3.528682477734897,16.889332012759553,0
DE929,0.5622276745798381,17.552481130210108,126.94080289152346,14.07472662963724,10.385546213298696,0
DE929,0.3189608582522869,51.28561845074495,17.715937449205775,11.484074958333046,39.748778457892804,0
AT123,0.38038352778656614,11.303052041331163,49.891290990947965,2.023799123826775,1.5081751357973796,0
ITF13,0.3803387654287973,98.83351241281466,148.28334670335508,7.546898782271365,5.084658182864174,0
RO224,0.621960444293252,49.29396290615842,18.55690037913611,-1.005464405315959,16.33897586488544,0
FRK28,0.29952410302956634,31.329646901726704,0.46628987722244775,5.057077063121525,16.467033440320606,0
DE929,0.12218548433738921,69.30313336493292,7.010952547654098,11.66052947546153,1.0474884709088559,0
DE929,0.3389214038527093,3.852225273439769,10.962973638643048,4.181696119972326,34.07373991708205,0
RO111,0.8271362450553661,20.27991773842612,24.671124697337792,4.863168145418031,21.66954499966306,0
FRK28,0.35771978992614895,82.63204061081963,76.6292507068962,3.0013629534648896,31.459820130484346,0
FRK28,0.5611975279048876,33.419731089443225,125.94814660345014,11.671426269807352,39.28795672438203,1
RO224,0.44945978384145524,73.09404363506766,38.54494942111828,1.2353956132245125,43.74828443768062,0
FRK28,0.14618285646149262,62.09267301929313,146.69494027979235,-1.7059189674984054,13.67073398197413,0
AT123,0.8537573325670732,45.57674629344008,33.43201230892204,10.915538887192742,11.790500669405638,0
AT123,0.5622406233728344,64.09995642960034,12.307324118379592,8.385089763859305,5.37525569320165,0
FRK28,0.30946453248296557,95.82068693085701,120.94132230489498,6.4160384251858655,25.708265176087245,0
AT123,0.8640085038123939,20.114064021371604,93.22835711183596,2.6851382085061015,11.014912635979526,0
ITF13,0.7331136442319756,8.027783637075848,11.812675626015812,2.828998285764907,15.07405423996424,0
ITF13,0.34863997902267985,15.716109760645725,143.3685703069509,12.519064345513648,28.225616778530316,0
ITF13,0.16439728538264556,35.97852366978077,95.01669276309339,4.723765626998727,25.34936687505803,0
RO111,0.7006835730766028,54.85642436814078,83.25609013525546,2.7428982164947646,5.9819562149050745,1
ITF13,0.11267819353729776,73.27834934501887,109.07143285417693,-3.3273609727869324,22.683600136882266,0
RO111,0.41384332327823836,53.939146236628964,36.684168836512356,-4.0444869796522775,14.101093345471224,0
FRK28,0.44619837343320157,69.64612880072445,135.07281431276672,-2.237281380543872,18.165073915812506,0
AT123,0.7079572670806146,93.0995318709136,34.704777186418305,-3.2013584586009647,2.6569634834565763,0
AT123,0.7739562859178554,89.39612948651803,7.685007318658416,9.357909861327855,41.21652717120398,0
AT123,0.14346459384832555,40.72899180390661,61.37919561694001,12.672762500610194,15.755011296879244,0
DE929,0.6276867072195218,26.784745574856306,18.499185392139562,2.8336303261876905,44.159537962908715,0
RO111,0.8202760041226987,2.0952960529950215,123.21608776778085,1.563535701208587,32.753484309837035,1
DE929,0.38671670501683,89.87719477800614,97.37195357957606,11.100622358388911,10.70872215026571,0
ITF13,0.4633876162260061,65.68058231443364,138.08258254894798,12.03841239996066,11.335014507145601,0
RO224,0.4956598592246767,22.138301524844916,45.10879589455353,11.173119552418765,8.167241915268129,0
AT123,0.17409719382497413,72.49763380727931,107.94410485338062,8.051383925450997,10.496477581453764,0
RO224,0.5883118140377203,70.9752286207862,37.84249602402564,12.351686130098667,38.22744091646613,0
FRK28,0.7614970775033253,42.60615482940915,136.02998139831473,5.095759134327981,39.32974997199886,1
RO111,0.6247436590707102,72.5025566126598,61.177950945148,13.667327678202504,13.242116203121224,0
RO111,0.8281832513866138,14.15359571417374,114.98945644300527,-3.5091510471696252,27.072040297392967,1
ITF13,0.4259837665689511,96.23541342247063,62.90481340621441,3.494074274666737,8.46495348125865,0
RO224,0.49706768564989945,9.778797163882802,138.50655922475795,-1.0472845634982542,37.45582362092171,0
AT123,0.5109592520177868,91.90134917586377,104.80865288207463,1.4659405301137802,28.694780960559562,0
ITF13,0.6763360967948663,19.706785596368036,22.189589946764038,-3.2613545201023997,10.23236804900986,0
DE929,0.6263441406091079,6.120133199893941,52.98900233834385,3.654396425371157,29.518348006965855,0
DE929,0.6241007965935407,51.8699446077938,18.53241853579266,-4.239300829780488,14.04731938903372,0
RO224,0.8363314931730648,98.15316877806946,144.39212152778643,7.731915060997483,15.587162904427853,0
ITF13,0.1884542581379896,43.92881561078903,60.15508318044069,0.9735975832270327,39.49603706165478,0
FRK28,0.6679963246593242,53.34632653536963,2.6047138332880193,0.2584385305267052,34.86597967108055,0
RO224,0.3990593744534253,67.53125614230892,65.10038066016968,9.698158915116936,28.358422338690023,1
FRK28,0.35468650127888746,91.70150068485913,31.049708527906684,11.306366072017898,35.22197883974426,0
RO224,0.13473230329914385,52.41594374362748,56.64315553586308,14.418378324722255,40.14972235667183,1
DE929,0.31616214597946013,88.4136648790197,78.0341568743279,10.863546487464637,32.205183103227,1
ITF13,0.8747606710855982,57.72760303502786,85.88118238144114,4.525226868424607,3.8842012330866047,0
RO111,0.35057576177726113,10.479315983180781,58.443572129891606,-1.0731388721749946,21.16416800905141,0
DE929,0.4528715316016735,39.56396117984746,8.581891418805082,5.119222466521363,9.04258184166995,0
FRK28,0.38052662728810915,42.01843680799837,116.26498901471139,8.220177191206115,5.394466783889831,0
AT123,0.6824073515100743,12.019860457939412,107.57191721446273,12.168220131213186,18.0549186088766,1
DE929,0.5439826463713425,15.918051954726254,36.9020273698318,14.384781985591182,35.60144431507778,0
RO111,0.400516557279219,32.36239852829953,33.914683238397366,14.112517860625143,39.17932855841867,0
ITF13,0.2073269161529323,19.202340754509773,127.8969467498049,0.945834128775318,25.671257877343745,0
RO224,0.6477750684077426,13.562521711189103,94.99786835786128,6.9232860191726004,13.667871661535479,0
ITF13,0.6504093614156619,46.29281770366648,135.94788446628922,4.999032448957248,17.748293575603295,0
DE929,0.23151069173375147,98.34636147452036,90.08027629246725,-1.0795299834816596,28.94308415457335,0
ITF13,0.8541730172321376,95.17028288035345,98.14133935517705,0.8155661598093644,32.216946699990004,1
RO111,0.543012912742853,52.00745261463895,131.47649538176492,11.010807584615023,6.056160588737889,0
RO224,0.5328688668377166,99.98127992258445,129.40360022152737,0.5288371732535913,31.361628129597563,0
AT123,0.5516201706569747,2.423877486063919,14.584197435758977,-4.351611564844921,4.149837388022945,0
ITF13,0.23327379085155808,65.18295522797088,64.1779394691974,-2.970301474157404,32.41845439489779,0
RO224,0.25322733575564815,57.57330613049485,65.6444713191331,1.7776730125267175,11.677157495131024,0
RO224,0.37806464397997575,53.15430824902645,42.09110988165258,-4.604145277386705,25.412009710121257,0
RO111,0.46102086342531035,80.60926543298102,16.338476940555186,11.661035903068829,17.35344476904205,0
AT123,0.16693324059671433,52.96629483249637,131.52666135655716,2.580480649530381,17.17719037565481,0
RO111,0.5006165254103977,49.75396209014228,41.9532561271348,-1.5282878684179546,17.052418244475152,0
AT123,0.29586034937822614,64.82670442213252,149.191736646147,-0.022372374313848198,8.782041958189463,0
DE929,0.3054819823540208,3.1774804982352634,134.14010900046375,-1.3159028118702065,39.68015703123109,0
DE929,0.7889225033564241,80.98444343000254,6.896053869439905,5.432698801079457,18.206900076294296,0
AT123,0.8509721485649708,29.318995221279664,50.0422878836653,12.629655198210632,14.41770457449906,0
RO224,0.4589498325747927,12.725271889664146,9.334913462877486,13.215849646841907,43.74168193656941,0
RO111,0.10342700564884409,40.58227892033908,115.60820208870473,7.872862415648063,38.847479889346694,0
RO224,0.7656510115209171,59.71765349770314,132.61025280406272,-0.05897167937426495,33.89955389088235,1
AT123,0.8356158059074646,64.7439142625658,90.03378564656255,6.2752545986579875,20.625421619125973,1
RO224,0.17870687808008157,52.4726727952038,44.15049106906398,6.025431145856491,11.384056432459158,0
RO111,0.8038914010898942,29.355732752134188,13.19582404318247,6.47549690187361,18.227156013076165,0
FRK28,0.6901083600041034,35.01676190662659,128.5566554686068,7.446728671697372,9.62984495308733,1
DE929,0.2565812399113385,62.754057025516865,22.28496617696877,-0.32496764596453787,19.782549802675106,0
RO224,0.8879717013539768,96.71581889113968,62.11148593920793,12.295953422022908,32.99136711263091,1
FRK28,0.40112828496583086,24.48437626133725,53.88757092231297,13.768443963826222,10.084683381753095,0
ITF13,0.7861328114701911,77.76815011488051,47.37235461964641,4.066422674556039,26.595614029640583,0
RO224,0.8538330530975239,37.08354618222517,64.79487683166082,10.763686200484726,33.31452064462126,0
AT123,0.8095163748600553,76.70346534312985,6.857750207529756,10.676450428257322,34.59896135426883,0
ITF13,0.258734090615201,57.3297699693611,55.238318361025726,13.381695406467465,38.00489054496032,1
FRK28,0.2181794956643274,53.40071004507858,51.71466926544401,-3.7225546924157094,5.354428899745303,0
ITF13,0.7340744911725614,95.18233885657028,44.05085324866252,10.516527230845877,11.04409299417016,0
ITF13,0.7838305886645897,88.56120445425623,66.0288595222337,2.576565113188341,14.38494062833871,0
ITF13,0.5352688316389255,75.54685718475847,35.02067103719665,11.432389142023677,13.52183479679796,0
AT123,0.13142817641420665,38.100274382853826,4.815023088542164,-4.694825573847526,10.774585045617993,0
DE929,0.3685311268615503,21.860552878165564,86.02511310306316,-3.6649510248864936,28.539126473992944,0
RO111,0.3484749460650113,48.827637698634874,9.527346141350728,-3.00889977317105,25.417011736449588,0
AT123,0.19277609696200326,27.213372497390953,26.775719552859712,7.05082881052606,26.102913262008414,0
FRK28,0.3157941059118702,47.32629147152153,111.17243271694844,10.304736204491904,19.41854617733325,0
RO224,0.48310162916682653,64.66103047944283,20.28275974088726,0.04872716434241653,28.158756114430084,0
ITF13,0.39890955860631894,77.9828362905683,4.077326929986347,8.87528782396235,25.587432963334628,0
ITF13,0.3948592481814297,75.2528209352803,121.1096030272612,10.066485199283974,4.900957102644787,0
FRK28,0.6174889915220202,27.604217886250826,133.15418369799102,-4.964998910830323,43.08625358694135,1
AT123,0.8071720832029982,33.643257978902156,73.78482388223308,0.931601205572119,36.836818293282334,0
DE929,0.31600370554572643,55.97425275187822,87.61396562072514,11.31628448981266,31.04151271300323,1
AT123,0.5260810569487266,6.744257932271003,130.70188643894156,12.228039378357941,33.647518692002365,0
AT123,0.7195604362714265,57.172386841030395,119.36488940125813,8.324814278070276,6.0831582521438134,1
AT123,0.1462916566097243,85.26417889265183,19.732882814091685,5.332544170559029,40.58553076440362,0
RO111,0.2114686911422764,3.10081867469858,142.77169191345993,3.5985591249396958,37.44015131726774,0
FRK28,0.14337364991084753,28.60733969310595,129.0443815390386,-0.058413991360222184,8.248908956840316,0
AT123,0.10904760845296915,26.139708724982846,9.677788562513667,11.456799079728306,5.728442910755645,0
AT123,0.4541784380076087,76.67676206767243,102.87906094945924,3.1637014414890334,38.504670464475154,0
DE929,0.16217016172559628,0.9787502206550447,71.18165534821914,-4.302836933593921,3.9344383833907797,0
RO224,0.32142202542650766,38.07511708637027,72.57881972336432,11.075054633517421,7.481548742894274,0
FRK28,0.32512264714959427,79.12081315609332,107.01483773878408,8.885942224754132,2.014805265088984,0
AT123,0.5922146961335695,41.12642355886056,119.11224407833782,-4.516739357805091,44.0563455660128,0
AT123,0.2145400631687241,70.06305617593085,36.69209388096685,5.645355819132119,27.177949952227603,0
RO111,0.1864374005827278,60.445891822164576,134.12391587949628,1.4937874283628876,37.89083805940637,0
FRK28,0.580865699160416,76.3791393513218,39.64876850010165,11.92170108219079,29.61522649047836,0
FRK28,0.4907125003724043,74.69641074464633,33.014377504704115,2.8923831912910263,27.6815173440326,0
FRK28,0.3484374243654356,29.99121800321842,46.21240929453064,11.19497643240075,11.239698498742795,0
ITF13,0.62678808198997,5.308930533749878,60.07905725921762,8.349690405774115,41.39664110116283,0
DE929,0.8046459320271095,95.49268342886222,148.3599237698811,-3.5156947396823335,2.3454098097148948,0
RO111,0.5016233029386619,42.083342878150674,120.84565887727766,3.1768568872029412,23.744891418776085,0
FRK28,0.22890645966250744,49.14864159873393,48.6472463127431,2.387957008104129,33.350239262756894,0
FRK28,0.6177963013008657,36.210992492157025,89.13898139412179,2.331795537679473,9.260090255444522,0
RO111,0.7391020671258729,48.837910654246016,65.39546663759462,12.634900357658548,2.118692111779349,0
ITF13,0.8119284988018313,35.01061591742558,62.490855512919104,4.9112674239246505,29.883176539450606,0
RO111,0.2612981305815093,75.57865886211074,104.3581373323848,7.318844398468139,24.53266914428119,0
AT123,0.48260308115730766,98.50231580402296,77.49600714594561,1.7112641001408129,3.4304301900298464,0
DE929,0.4573226965031594,71.22228713239876,79.8903501314897,4.25035025347492,14.677825501198603,0
DE929,0.2612532591815204,34.70427826474296,39.72888208803624,4.428937664607076,23.2157054342219,0
RO111,0.5586862066511755,63.95641902980066,111.96647702470715,10.364522228196247,42.87406285792427,1
AT123,0.20892525917406674,64.21467668157736,61.84744183491887,-3.220167078321672,33.149476698564285,0
RO224,0.21443915052403728,67.04070215290147,71.84791235030323,-1.2888243373551767,22.01493912407054,0
FRK28,0.4970733867032333,63.223993601233474,113.03469520631094,13.09266355010644,34.773499487072236,1
DE929,0.37119186878104393,87.580809288754,130.2874893225255,-1.0979821953699331,23.87220319592066,0
RO224,0.1849656385745437,28.00604330270393,128.0459773596333,8.494264905842215,4.281604196130218,0
ITF13,0.1292417956888645,11.509971199230161,48.54946190408263,-2.515860321326031,7.401555245531206,0
AT123,0.8409752819153425,20.586857683194815,13.55436188285365,12.620676033759992,3.5393871579308525,0
RO111,0.7993215923763721,26.353010688491718,111.98306049626439,11.020882253350933,28.947202508294524,1
AT123,0.13697445426850835,54.41224865074784,104.36692972820583,0.11286636701409503,28.933651933381203,0
RO224,0.7423621685183156,61.86503885496539,17.392761722056143,-4.918761087867367,14.28123087788593,0
ITF13,0.7974695871939445,96.53483720486588,88.60943420341614,10.463827418563499,39.67711228207536,1
ITF13,0.5890275056848484,34.82623162009689,114.17504869735737,-4.011627600560612,25.54374973538922,0
DE929,0.8182847537518182,79.68254842616564,43.99597853613409,10.98683536047298,9.639595748525586,0
DE929,0.24074334346033127,11.689065671670196,24.5801321676063,-4.719589414796435,21.025101513671995,0
AT123,0.22928974187890186,2.7629982336360825,57.681991322772255,6.5708189852754355,10.722558278204485,0
FRK28,0.7635221180151222,46.95909695987618,80.61501922760195,3.936517308393082,23.24158393641212,1
AT123,0.45816783151078444,80.95279327077361,104.6958501283374,14.976067185618671,16.66463622943778,0
AT123,0.8778792573113214,38.485926399922356,72.04804162999116,2.4592263204239773,36.53157316892852,0
DE929,0.2659461587677213,20.488855087296763,120.3884189950427,2.5010271000738538,3.898562242364493,0
DE929,0.8986788518824795,45.771832331846326,7.289801774694061,14.67994589252573,41.05964634244613,0
DE929,0.11388859230015394,64.76613549980256,45.38916454273496,8.36094523267202,41.43108067252989,0
DE929,0.44790705307958045,23.054913414024615,81.90155491202471,3.5473383343340856,22.078899400144333,0
FRK28,0.7706925697341717,82.78335704602394,42.71732079537009,7.936112362367325,39.3501835953984,0
FRK28,0.44770148159721224,7.654818110797212,4.837077747819329,8.949752407526141,36.66966995125016,0
AT123,0.5533699917561034,39.34760947166483,75.31136632503275,6.307009822492773,12.367724903286613,0
AT123,0.6611747810878091,50.76824177023445,114.81075107267536,13.079548139534172,15.738755396167662,1
AT123,0.33603302441388416,5.081138390024275,93.46267271828559,-2.4336208738911447,17.635385688667323,0
AT123,0.4236740467342961,1.1302624543790163,104.09449675914874,6.431549713220161,43.55918727065256,0
AT123,0.6333063673994204,48.51101818362304,10.01597847593329,14.159716971565821,43.30744479349522,0
RO111,0.3908260027741014,44.1433487000914,88.0314321062193,7.937075712970065,6.038918139523472,0
RO224,0.1540600947598434,59.39976434896299,107.99362779387666,9.77521126244312,35.406886862358284,1
FRK28,0.3585834245149404,8.188172195640508,149.35441775457193,-1.0752211737740636,42.300430532569194,0
RO224,0.8438095472753976,37.690877252870834,105.05987683306591,3.0216579966284876,11.90110828088972,1
RO224,0.6789904037877255,90.89638780164012,115.61922141757283,12.054028252454355,32.69498650747117,1
RO224,0.14076088049217692,28.190159394491076,50.511366395518166,14.816090700326448,1.9128507718154015,0
AT123,0.26324190214661175,88.69562641564215,146.67969763477365,-0.9017156508648272,6.587525684820031,0
FRK28,0.694636547677649,76.48139130214221,126.30841371642899,7.483071517084017,1.2889907214417136,1
RO111,0.5652548660238783,68.83859786144639,21.79125509454686,1.1019369859179502,21.329230972382078,0
RO224,0.5619801262775185,56.84737504821224,44.26833379892621,14.692620227698757,13.499837427418768,0
AT123,0.3159520835375039,55.740013744125804,65.53049592559123,-2.1994429721025432,28.475910940225578,0
FRK28,0.15529991463739537,82.59947025777288,115.5954933277329,-4.444086995272903,37.24343778145092,0
DE929,0.7211178120590035,10.930135939158204,39.782545219217084,8.333670104423907,6.663855721850247,0
DE929,0.8525359360459026,79.69509323631976,70.2407778050516,2.076947603707458,10.349182719087743,0
FRK28,0.6586112140348016,27.320202510463165,59.42748660688755,13.497211869473034,28.53518561837866,0
ITF13,0.6609098647573137,32.994208801996685,65.83140394761074,-0.29538254777512485,1.6021691246499037,0
RO111,0.5046765927303134,30.037892752515194,52.587615917287955,-0.33229570824437005,29.85963867949875,0
DE929,0.7867624112660812,46.26476202113351,55.463635915556154,2.6757458936300154,10.097824339987843,0
RO224,0.7374607638840674,53.31902636340276,84.22066639131394,-0.2654654146599196,21.405859826403614,1
FRK28,0.5889603199500808,32.75654402437234,112.00419587048238,9.649983364448026,11.340467803483207,0
DE929,0.4233329073985369,12.567587864525919,147.989962170107,3.9966934204291675,14.759145434765314,0
RO224,0.25060179029737906,30.65633784303764,5.3296865289857,12.35643713216022,13.558937324332659,0
DE929,0.5872997644374222,62.926375244783884,29.99255890389797,11.663305076588735,44.18226606072254,0
AT123,0.13507677639203602,15.993367890642284,14.61081214681952,10.303019147480244,4.343680122837606,0
AT123,0.6852489177356061,44.509022485613215,29.366249143434437,13.401617340800343,8.562684825141044,0
AT123,0.19936162546121994,96.7748566645435,76.41121570727127,6.864972394077277,3.521139410548354,0
FRK28,0.30508529665481465,29.676765857745092,107.73260728172123,8.078440771225072,35.58568356214778,0
FRK28,0.5114190708148945,80.9740001178983,21.168614351701297,11.341345189905265,10.944850983027994,0
AT123,0.6259655988692733,16.60631840595215,1.9453521894469084,-0.3499503483010429,22.8734708061631,0
RO111,0.5359465768668825,62.09084344859856,134.45598121402105,-2.9312099763986965,31.575669749386908,0
ITF13,0.39845581653825646,40.30024866807257,127.55075836751178,8.427542374216095,37.1616723838281,1
AT123,0.752070534486502,11.797305045807061,65.01418949840601,13.107886031167496,7.935141711495763,0
RO111,0.47634359431326545,8.258216619926639,17.172670352313062,14.21085582523737,40.63252686333972,0
RO224,0.6028193217464847,51.53785744781976,94.58284881685766,5.635137148775446,17.29686036166378,0
DE929,0.4675684681878468,79.96431927849483,142.25777275225042,6.594420711172162,16.187367319664318,0
RO224,0.10137461870482181,50.784896870981974,55.42633516705921,-1.5188496338812607,9.826703868301742,0
RO224,0.38238150218811195,75.17027464529227,102.76333404740473,6.713710084440221,22.708154861878107,0
FRK28,0.8172073580541508,19.20127562398323,41.70671426406663,-4.822286604647994,39.99728980455754,0
RO224,0.3411175497844594,63.55025994902259,98.94302706153161,13.242192970223591,27.561909708536586,0
DE929,0.6246698223545257,55.64222922816208,109.98895738803971,14.541766582501683,2.9474988870714123,1
AT123,0.6332397863478482,92.71352703663747,127.88359206576835,6.667139074233901,2.3450083220739146,1
DE929,0.5277054703120059,69.5989490100155,116.65370135484355,13.684429186667138,41.29920855575145,0
RO111,0.8220301033842393,11.131578434952228,46.43895741989773,-4.328258706166974,29.388354075638304,0
ITF13,0.39101623586637235,15.665690114647612,105.4111141301109,-3.892442972570991,13.979554807058843,0
RO111,0.7970980578616301,67.90011003441637,20.35214636895038,0.29461674983866093,17.833742422899473,0
ITF13,0.7590743008504058,62.213783695720124,55.198640275937755,-4.4641936423736155,20.336103929830823,0
FRK28,0.15192666749795586,89.42115356918444,118.5950253259287,11.940855597494519,35.5285486722988,0
FRK28,0.6715083169928484,76.77848584883485,36.448024409015,6.965954014468522,17.14069647831806,0
RO224,0.8128290316631349,98.41147765206361,104.75251783613832,6.826633261958662,38.88540864433989,1
AT123,0.5190284733259309,6.962739025469,89.78809348472866,6.417373084222167,17.671418094649233,0
DE929,0.4746613159199772,80.44809685901058,82.5460863185645,13.534861317127,25.70531136974356,1
RO224,0.40717230531763704,35.629355382090786,63.147583877593945,4.841931589094461,32.14767638543286,0
DE929,0.8368961993761868,64.47047713425877,68.48720602417748,2.714427140959539,43.93976207589992,0
RO224,0.10958238992178906,43.59454313852555,63.85262860965452,5.740474213418343,12.520840711036968,0
ITF13,0.26084173692967616,58.925016077784,108.58853611352184,5.689741151278447,10.537911867486745,0
ITF13,0.7492072716103947,62.93664430546628,148.98250012744202,4.91539227417814,43.05491730213815,1
ITF13,0.3521698941695389,73.05392113124749,0.8624965883821334,5.361346610559734,3.2428523238436346,0
AT123,0.5195328725617195,40.44487839446105,62.447282712651536,0.1011802724895805,35.91374537156697,0
FRK28,0.4036999077797794,76.89783864322592,74.71575643121707,10.122160878257805,16.04678233986926,0
AT123,0.22602866821499212,92.09991895017683,57.53306457751448,-0.9344491146416551,16.6730140017285,0
ITF13,0.20000880625435524,0.6847780193115827,31.44475598844742,3.8915654880254476,24.257820232955638,0
DE929,0.2682736398196949,13.88238459602097,6.3337692971408455,11.869652878003844,43.64400598104873,0
RO224,0.87532827431264,75.08488675134232,124.51233536049433,7.820223121858739,1.2123833244637172,0
FRK28,0.7440586185761916,33.26875600039819,143.9002116601061,4.832486604726327,22.29385420155579,1
FRK28,0.43853829354471763,94.29689424945255,102.748945876338,7.9492114550905235,36.60011405076283,0
AT123,0.8367809096288513,4.031409973771294,148.1526056293029,1.2892031268718895,30.12613367495916,1
DE929,0.4426941644701292,23.347953569017733,51.42371303319609,-0.7314398893018215,7.783949352548328,0
ITF13,0.36744045485920507,32.95626671952532,147.70816040374572,10.074651561199309,33.40562731175086,1
RO224,0.8793009484579922,90.15701725902868,42.7433162399132,-3.6972364722357764,40.389747139842626,0
AT123,0.2748276219890158,28.136341081779438,80.52348052469766,13.768870470796728,41.487517588331926,0
FRK28,0.7932709124824114,64.30623119784032,9.258992266680705,7.406227630814264,36.46766957611264,0
DE929,0.7982674692269048,21.393012454273187,21.053761925893976,-4.895712645909532,27.35655985311279,0
RO111,0.31325613586946277,23.635952769113032,57.36901422726307,12.624705292440318,9.80427807593703,0
DE929,0.29642573595925215,82.29065478807942,13.676889328754422,11.927405241505618,39.47375030023868,0
RO224,0.8249543779937366,98.09271079011812,136.632788434313,12.227958893230298,5.377504260866996,1
DE929,0.3920103920654011,38.8409279415518,141.817991721064,12.224862675219924,18.915706179815732,0
RO224,0.28675551632692936,52.037293058068016,60.84726394816883,14.829053991286909,15.258333716178425,0
RO224,0.28107628649904903,97.7980647758766,14.14468859210627,11.977400319705225,9.79899459754162,0
RO111,0.13249715196812017,82.45058613403243,7.235340301292031,2.4650775577501456,41.551947248012766,0
FRK28,0.4867542402012739,12.805529459378773,83.65017102439789,7.735298510223084,30.03661583399338,0
DE929,0.8518884881375038,42.60706421107449,27.740671773462367,1.8542283034054456,40.66945349079735,0
RO224,0.6319720483423326,66.7531563883747,146.68055632147835,-0.526684486884113,17.09438178910417,1
AT123,0.5830663345519677,76.99995079030191,122.61589047759409,-3.556446696897113,6.321385366760401,0
AT123,0.24681189340780635,70.77280255221072,143.32320484882257,12.179127536923762,24.385081021095083,1
DE929,0.5052480548355754,94.86428600782347,106.71018389750246,-3.0712261117578055,3.794849519041395,0
DE929,0.5152804989487442,82.73575081108856,126.94235769866873,14.50701741140497,20.81595329485905,1
AT123,0.5758748729848945,28.04471004927185,145.06219419969835,3.915650564211994,36.55615095452804,0
FRK28,0.10200935000989908,31.941666508594658,75.96180899414315,-0.6476438725080991,32.370304152899166,0
AT123,0.7760472486799375,65.60846806883241,49.520046389185936,-2.0369406056905426,37.84792755305635,0
DE929,0.2697134632535426,77.69609659479451,100.13877911626662,-2.3879886271316764,13.455897799161662,0
ITF13,0.15113544208481847,2.1152470089470965,108.65719636660265,4.863399251832284,10.00413555603723,0
DE929,0.559414499128204,13.75005160891929,19.138384638644794,2.0324642269723503,5.116434056991229,0
FRK28,0.39258620733258587,46.198408796650945,140.82114906402919,0.001827423475804224,30.655990410788235,0
ITF13,0.8857252107577541,99.24208403901571,50.82072717060501,-1.8526341783397005,18.932084601711274,0
RO224,0.543450514940916,23.74907787612539,133.23288156562882,4.1382860250303715,14.659551956525576,0
RO111,0.6787030723956018,26.244632856562355,131.50815832975238,-4.0806353314064285,6.433179247003546,0
DE929,0.2575134576067968,64.86672832015758,124.07231336482836,-2.3368330020242922,19.9080857891876,0
AT123,0.2172556641554957,18.3041046033546,18.182916900664935,13.073925438077982,18.90642000213069,0
DE929,0.7111651244395659,39.159329015392075,128.7277713848986,13.231435116525528,20.26887061890548,1
FRK28,0.2583764714724016,88.44041613949331,109.78482388157809,8.60675087599459,40.83530171799567,0
ITF13,0.33562149677148434,38.575179826965126,131.89138150249113,14.819201401480488,4.438756031736389,0
FRK28,0.5719998759438538,23.772768673637344,26.540784918379618,13.761087352001148,21.772174338885936,0
FRK28,0.810895352013858,68.26262666999872,126.85027921505903,-1.0207494418382135,30.41105490294773,1
ITF13,0.5099235030299243,16.550419747783394,100.48189641304273,-0.9390429295548053,23.556850960867155,0
RO111,0.8587122680058277,89.58452844179783,50.578113144025494,-4.632089523634894,31.975140355138013,0
RO224,0.742860917733123,98.3260985083344,143.07999265376037,2.203327108910253,21.323432517086008,1
AT123,0.8649393654635323,14.306995081110207,141.10019980214872,6.313966856199336,28.5889623501797,1
FRK28,0.34751462427636715,39.042494552844666,78.78124850133192,5.570119193133065,25.60947526418078,0
RO224,0.7975524758655322,76.61400542056717,92.9971920844782,0.09983839039723286,3.023152197124472,0
AT123,0.21103908418784015,57.979924219924186,89.3024891213781,10.207891917519927,34.786529898888034,1
RO224,0.4066657711738416,36.22788512687642,7.8305036425605765,2.9812041740790685,33.36051584120341,0
RO111,0.6691981222721269,93.91752807145663,45.671188086269034,12.100194192292001,16.441341922532885,0
RO111,0.6728761847329822,18.216192922557084,34.17007748709441,-4.109206225589324,34.86410129003634,0
RO224,0.668844486635796,84.67780729659718,46.602072710821474,4.588443326561254,8.455940258576035,0
DE929,0.4653177118679138,96.04869060420063,3.9734104171212037,14.092603925521747,21.92009589160071,0
RO111,0.8327797241795268,60.45563930186428,124.47707581604735,11.89965418541627,39.45814035073292,1
ITF13,0.6605404153099428,41.76941922066831,13.373509561848445,12.668178817136276,26.789234980756635,0
FRK28,0.6999799040245457,0.3485271893529873,54.33238634043096,7.142660762135414,39.57099615763267,0
DE929,0.26820607315851763,40.578747498276925,53.6934765460135,10.393288574936212,44.711845335123755,1
ITF13,0.42284020827333946,76.04024176921824,60.812157803174124,0.06720620208130512,1.7719878592612095,0
AT123,0.7794973870985027,84.1466775911341,82.68559327376464,4.1331703499277985,3.416415433736278,1
AT123,0.2984199128471122,26.447933351728704,94.53418756196798,-1.6037539913359167,34.09174436225055,0
DE929,0.4304281782481,44.66019900206651,75.35597825082147,3.7090371428994224,15.917000694647182,0
ITF13,0.44904135514175036,40.88837050435566,81.88334641044565,7.008515401070374,36.782093289757626,0
DE929,0.11873172189846307,15.854420766960065,134.86879840665574,8.079770790094154,14.932861385627055,0
AT123,0.6900422287088217,87.84510947294787,74.33998800957342,-1.6203930124090893,15.656753086398586,0
RO111,0.575318698003683,56.29137706950426,19.67607768558805,-2.585541627099479,6.1411937386941,0
ITF13,0.4934467798277987,79.74082322241316,0.6023221409562574,-1.12450512958155,19.362920460230157,0
ITF13,0.8616855427083684,88.82037807664395,56.15001984093639,9.730957331366035,34.956584523107274,1
ITF13,0.22669859808206302,96.87715735603742,59.42496676621326,2.318605832397605,7.778277320576729,0
AT123,0.5420934258795996,62.20278193817802,3.7516502768213167,8.162256740021778,14.283340876634423,0
AT123,0.7029468378399804,13.523707778874883,131.86993145508805,-3.668830495686346,12.805257997285711,0
AT123,0.4273317699418221,95.6030253564513,27.362566833482184,6.7753369568835495,25.988200844080833,0
RO224,0.4917620060168527,44.148941019033494,99.55832028500951,2.702959818181472,18.840328500531836,0
FRK28,0.3225822453659565,11.560976519495503,53.62957191974946,-4.383774609535925,15.216575307825014,0
ITF13,0.682650843482749,69.93940525404409,135.50817691111217,4.762207717645248,18.268392717144746,0
FRK28,0.20266847973186852,25.24721523531783,7.452278983628591,-0.5547053055107831,18.98449858855915,0
DE929,0.5176445170079116,33.667702709205315,32.58395132459333,13.346198404728366,20.70978886802693,0
RO111,0.4165675159067258,2.1115437563616224,115.40798227309011,2.9189698672889914,30.9826871523291,0
FRK28,0.2893542114911905,6.6587721338789425,19.05989349453705,-0.11903792132994262,15.22515227810883,0
AT123,0.8111326348506676,39.033797086134584,117.56970787381239,-0.403799883066962,3.9175431754854797,0
FRK28,0.16179348000903176,34.18111905216175,57.883635707710695,5.531159040333058,4.370192734755002,0
RO111,0.41321040447456203,86.51214473495953,134.59535625263084,1.146078519774811,25.01056176502913,0
AT123,0.4365235274533158,35.6398665084634,46.28902970509706,0.8890340696051835,17.60411493623588,0
ITF13,0.5628236790502839,28.267426342178926,5.059742583695403,1.7686959920535905,31.562903114851466,0
RO111,0.7860112750640831,76.90117923332704,53.855504766266,7.4677032273162816,25.975239163718562,0
DE929,0.635107487781337,82.55344015046549,78.75003612336204,-2.9702855737617506,17.667752336408533,0
RO111,0.3147066761773458,89.9033476982917,34.13409463888842,10.493842098223523,4.7673883186999735,0
RO224,0.14927849190914202,98.57357709190052,49.44041903732161,11.732910666309134,36.09358719205501,0
RO224,0.10168732523595417,7.1280875487511715,89.85059814136984,0.6074276366357516,6.205671365205209,0
RO224,0.25982171460958947,73.85448091756002,117.91231830444455,5.174895122224575,14.750707123743343,0
ITF13,0.3362871869558002,34.569674100328974,33.23504980881994,10.400371415655062,22.15496415513946,0
FRK28,0.6202125496969375,95.2181478876166,149.31804217698215,3.149585134382484,22.17630227732161,1
DE929,0.24222540311777685,1.902410800866039,37.993449577126825,9.606067930705969,30.370888103739322,0
RO111,0.6419023413777054,42.057076078502675,32.66499612735988,13.506958747186498,23.113704968988962,0
FRK28,0.17917972837934146,67.44320590420575,70.73729496399697,-2.5629138558682407,40.93992639462104,0
DE929,0.12349751670321574,3.5586702627461886,64.22350226097632,4.322396222242775,7.405866428200698,0
RO111,0.1652127576787768,15.246777821953927,54.715437347774646,12.472935896384222,31.26682770360523,0
RO111,0.7940701421495594,96.30081984584719,34.675854451462214,-4.554976589113515,12.128754430531835,0
AT123,0.5980555340575845,4.077209385815239,63.32472782552729,-3.9891527009086825,35.23907085010118,0
DE929,0.35779767318693356,8.387318741648297,141.3354537660786,-4.931121848946338,42.12244113579628,0
FRK28,0.2716452249241186,44.277469854581184,63.44428107297926,11.391198533057224,33.74383188270791,1
FRK28,0.26463945946163325,42.656300132186786,35.74380760107386,-0.9023601254289737,28.51146723011593,0
AT123,0.7707309202669989,57.06603678059915,57.221771095633244,3.3802896186909575,35.26081284043053,0
ITF13,0.7470634712873672,91.2630915231974,144.21027453842368,1.2720651341079918,23.99602933949419,1
FRK28,0.23407670981617257,42.536718237234815,10.449523339909883,-1.9993278262659886,40.49347713849911,0
RO111,0.4370386149525052,61.20100480327048,102.84862680958727,-1.751485497855123,6.195730061669746,0
DE929,0.6007981156481053,30.730610280251057,137.292248202503,13.982271503048864,26.60906544260436,1
RO111,0.1151321922169175,60.8292193692211,85.54400524681175,-4.027261530947088,27.895287524970943,0
RO224,0.20810948934553927,9.147008008351742,104.64024022429477,1.7116345153169537,9.079036291940454,0
RO111,0.2771795196882808,96.40041847565733,54.566388404572216,7.6486468199775555,23.549376518672332,0
ITF13,0.3269201129317475,57.02552116424201,88.47234069880751,8.643829111287527,5.146620942934599,0
ITF13,0.750757238883977,13.477775263691527,9.454024598190552,-2.6979983861081247,1.3193426958473302,0
AT123,0.24303316929670232,5.035021799971684,100.41794420451221,1.960106557249719,31.76088624054695,0
RO111,0.8583878509832931,78.51480674682315,130.38123182844663,1.9011667390004998,2.7630621267747513,1
FRK28,0.26820042303766867,99.55696479755753,42.39114255384904,4.173313628078414,44.9628934659786,0
FRK28,0.3547630132493146,15.033703374257145,111.67620295611206,14.701984526482036,28.69777642917234,0
RO224,0.19409545537946624,41.42254236062456,147.2380567769876,-0.9738160522662831,41.84289328228874,0
AT123,0.8201478989105065,1.8121145587809973,65.51330786178333,12.44584288716688,43.33621109133039,0
DE929,0.718065801780832,79.36548357165253,19.698992464889038,8.576708799818684,31.283237244633103,0
AT123,0.3269825427638765,52.58551930460925,146.6747103459098,-0.356799703441542,3.6667575200096363,0
AT123,0.8614778830135634,22.74270062141779,16.575859799093962,3.044113875437013,31.158872424019933,0
AT123,0.2398071176589868,39.118524435351574,39.533026202023144,2.4366746106752952,43.2962061224175,0
AT123,0.14797767428740427,49.51033755986679,131.60264667674906,9.5688372982934,36.29771802783021,1
ITF13,0.7035631046205045,16.507652251578975,76.54135535915336,3.6210834571376154,15.696073704568454,0
RO111,0.22110773534989603,69.03200832943016,10.943111883368385,-1.7454986875916934,5.015345309542749,0
RO111,0.3664836910916601,99.58260342603738,99.49901010563423,-4.963060391943943,14.026709211016176,0
AT123,0.8895611912692134,63.760237445512246,10.741647359671857,-3.8116175039329403,39.39949829403967,0
FRK28,0.7031287636085799,54.120682610574,141.6803901261762,14.55606665889474,23.230160482861198,1
RO111,0.7408501916196057,20.99100013536912,34.489300889542406,2.913138630616359,32.13151529829767,0
DE929,0.654554040268289,43.59544554236656,34.746271604736364,11.50268763695301,36.37538678673988,0
FRK28,0.7685259238851401,47.760999692377645,59.762721708276615,-1.8484456148255712,3.6123347321013717,0
ITF13,0.5673475049159709,97.62103782440276,77.3699530132309,-4.10035734498755,26.27656165112506,0
DE929,0.8042915542797018,65.45523672554357,23.868689733074376,6.960472736479133,39.778542693120734,0
RO224,0.11013724150813592,7.193340768960665,63.19408217659634,6.2798085393155585,6.319024632576549,0
RO111,0.1783811757349401,73.11265629652468,141.0437441032668,-1.8912500118550502,34.289841689215116,0
RO111,0.18366959152352147,25.627500749640465,139.1190738957476,0.8320792388950426,33.11640843218286,0
RO111,0.8434150154484138,53.75330832058467,55.03707476450207,-1.4461676621658004,6.206860449041522,0
DE929,0.3197552524979097,39.62941727530038,81.33084868668271,-1.4307023537616725,44.74810941666635,0
RO111,0.8840099267047541,17.916376745769057,75.94569234604624,9.03518104798572,20.45857773659806,0
ITF13,0.5031281806207508,56.95307880156481,91.8934305311302,-3.753437430089781,23.66027947202667,0
ITF13,0.31110641522833116,88.82161782627784,101.15354121146682,-2.238190666330193,37.562908766909324,0
ITF13,0.26343120283398935,83.44016230652231,121.65199441817028,3.8357770995367773,9.87291966038655,0
FRK28,0.4930001073162287,70.17806105791445,148.28680919280978,-1.382657144545627,12.665786787809507,0
RO224,0.5555795896864761,98.91487402783011,115.29550387093873,13.963611527234253,3.3794481181342264,0
ITF13,0.6934862134548173,29.960068469073686,107.89921353134662,-0.7783882384145198,3.101979378898361,0
AT123,0.4667884300074403,62.67286588632979,95.39564923198509,8.481700760082006,33.68235205082818,1
FRK28,0.8490264765799251,23.165393171770777,39.43941673155997,4.271217188893111,8.5309899390461,0
DE929,0.49989418995914736,53.24888309023434,4.941876289470998,-3.0413260622381344,36.96134217590218,0
FRK28,0.33806596136388345,13.907526538510929,65.23351360585819,9.512049522273403,38.526103409759614,0
RO111,0.8200096170532033,83.8210809089799,113.98440706192119,12.654001117901732,11.06640415382903,1
DE929,0.3441017723569899,34.57132960404364,115.21761285919067,-4.755865386327525,27.309748633104537,0
ITF13,0.735970850537933,62.15157127631022,61.70226479810332,1.542401114591982,6.630969734288781,0
ITF13,0.172238663537847,86.80216260045836,126.87812803683333,12.390325775460592,12.062984480062884,0
FRK28,0.307493429476508,92.23844330238994,62.45358404374645,14.625738709203713,33.17210089521837,0
FRK28,0.6659975656606945,24.54843665662739,48.832174956218296,-3.3274724471460515,34.944380017267974,0
FRK28,0.5880310374993382,85.2520987608117,149.44847622147267,-3.846871436867789,34.31891121662738,0
ITF13,0.880681660136031,61.88923050723349,16.73165083746502,12.472497496159708,3.9582739020684863,0
ITF13,0.5722251633197765,36.53607263965684,47.559170444271516,-2.6883314461261687,37.862066162979424,0
FRK28,0.21990293432442629,95.9426290958595,102.5662447225699,0.193807080254647,40.574609426081985,0
AT123,0.5929777234032303,62.3958215231712,137.67867850579395,2.575196194779048,24.510807931390573,0
RO111,0.1979464626193851,46.079608699470754,115.39470913935617,9.088672810012364,43.00460204135867,1
FRK28,0.645198061662797,71.83875064344052,35.44087223657776,4.625290167583934,41.081508119858,0
FRK28,0.6183550904300302,56.98868718470411,89.62558138303382,10.765757928521076,10.23080183866442,1
RO224,0.874354602657174,23.984736936262507,132.90257030040934,-0.7720236330109049,33.752820283611335,1
FRK28,0.35545785504419436,7.967796602360632,134.9804711190152,3.9607281146970372,22.940725385800963,0
FRK28,0.23758290401078386,12.021364295001025,84.42586374465232,10.122269787278473,5.229524890490008,0
FRK28,0.7035730914572677,31.68911078419403,40.62660999867717,-3.890839430664692,17.805666864511664,0
AT123,0.17414629567384649,86.88217315260228,60.01279954344956,8.754067808515863,40.59042496399031,1
RO224,0.6828970146049278,1.0036640896723292,90.01573090334115,-4.612420355351816,36.04108226375326,1
DE929,0.6987955677485187,94.23863468704988,6.748415220724096,0.1791068782011962,33.20445012299158,0
AT123,0.11642880915608576,52.372763187915375,102.35690851062584,-4.955900639195088,26.65632258708802,0
RO111,0.6242506237063176,38.02070275886065,98.08237571937293,5.328248646552474,16.00018617770989,1
DE929,0.5968038278018549,14.680752071049385,94.4762635655687,1.5013326224281105,21.74872078941067,0
DE929,0.717718074566608,94.12896915952635,96.1135526494799,10.773784555387312,31.484337828631183,1
DE929,0.37661836299574347,73.42483158395373,39.94613459067497,8.540902012524347,9.488258442508442,0
AT123,0.7088935355756919,42.195484511145075,2.518118919179263,13.614450671018808,33.863712673524844,0
RO224,0.12931908485955637,25.79529181422887,61.988388159002895,2.185197417941329,15.680304122190776,0
FRK28,0.5687043092265048,51.786611622087364,65.03882101718204,2.6754318260288095,4.635510381331933,0
ITF13,0.2647904784117887,56.55143826991055,20.511925288935785,-2.4326550926959567,8.988928786829039,0
ITF13,0.277573519602308,26.864957825222866,72.81349845516597,5.6034885817218765,23.087782659928624,0
AT123,0.7380979266329295,58.125242184527295,94.51555373882026,10.895037730359347,17.285943798435692,1
DE929,0.40995739373887097,58.96282861268149,110.08775047035333,1.8137807327519067,11.3829460077751,0
RO111,0.34367107496033555,11.423012583951486,80.84502548457627,12.841568593653612,30.103493521245213,0
RO111,0.5045912311530367,86.91385554673286,65.66144493558711,2.7267435003017386,24.422475627601067,0
ITF13,0.8405238689282827,58.80714323752558,146.58560710418197,5.419913703494929,6.3654173488376635,0
AT123,0.5792744679049425,13.691666006884319,2.0341782803437902,2.77042585822519,14.450905477938715,0
FRK28,0.8069366648945173,0.1259409690581137,11.450693103572856,11.354596002694823,8.176594619711116,0
AT123,0.436132862678021,22.683296242854556,77.22480569613445,-1.0140953533122854,34.113696210621626,0
DE929,0.3033352162717058,1.9840694372018852,94.67624548039403,8.925657112914841,21.23628270368146,0
DE929,0.1209975429671796,17.64798956079382,3.4443465160988787,-1.4697125836136982,2.772424381295901,0
DE929,0.8583653449321782,98.67964092448518,122.78251506581934,4.182587166163598,12.378823043066477,1
FRK28,0.5357393256707039,63.03500418544766,104.47572814397269,-0.7756715637400724,43.899801404640556,0
ITF13,0.6690995960628128,19.71698888542467,21.708306326686312,-1.1806998615880593,37.23143858735624,0
ITF13,0.49405553862342844,77.58326125580963,87.1644066853306,3.803447621119915,13.445418269393123,0
RO224,0.5769572602826075,35.42354653269897,30.20710860871727,1.8862284853410394,9.939297930361702,0
ITF13,0.8021724383680698,26.548103160706972,23.200418731075125,-3.101820546687275,40.71577958987678,0
AT123,0.16509512096422602,79.52565732593779,69.78733730658384,14.763521166432113,24.366620410782865,1
ITF13,0.1346752474907298,5.761201249583669,56.350588911449314,8.954567914553056,35.110226219701985,0
ITF13,0.8184162605151398,52.600134540146094,0.8115318702264951,14.085751540992643,12.47397121728456,0
ITF13,0.40782804084190294,90.78036444961258,71.16123386903608,6.417036371341499,3.7304694375093903,0
DE929,0.2883555120717979,1.487949293392632,34.25939341523799,14.58707505142954,25.08007942315295,0
AT123,0.5352184450010448,94.6415023928024,29.27638473259911,5.094161014839866,18.434063162671944,0
FRK28,0.47683677923404477,34.497134872810044,74.54555483771664,7.809445910219871,43.99295267926979,0
RO224,0.729844579856312,95.16208662662166,69.0023471789867,7.061506590717613,3.3479609337883875,0
RO224,0.8662046878009769,45.04369106184629,33.386505505535155,14.096095426067496,38.47082621930199,0
FRK28,0.11568991038470565,23.63808871332139,67.74685855836458,11.829084245357496,26.246283455374204,0
RO224,0.490331342869085,67.02737618826863,37.52962688136151,-2.49681394722151,24.28679658212566,0
RO111,0.5399052036262012,96.35538386636847,16.751771080678317,11.47708514638953,16.842611858290326,0
RO111,0.18309401254522745,76.61214732534887,128.96524920591986,1.1431784026803076,31.60964777132867,0
DE929,0.5663242576083827,30.544053074574716,135.924772573585,10.966897246315419,32.09016084898346,1
FRK28,0.4497818026302769,68.5884527920281,148.43782155199327,5.324939661751326,34.673251953564005,0
DE929,0.3537683059358526,45.061877741135866,136.1465617799741,10.336733847637078,15.477168022815926,0
FRK28,0.8096054833591982,73.02022874964119,135.98914569092742,1.8284682364963922,38.79493754429804,1
AT123,0.7313377874480244,2.877726533344638,83.02031038842874,6.897070000712224,34.556979101537,1
ITF13,0.43391570139663427,88.16426106828857,5.052105701779669,4.664929661748111,39.547166308087114,0
RO224,0.41769504766653376,63.94762858762119,118.10841244298159,5.615996647249101,25.40186526083223,0
AT123,0.46521059263718256,29.683306033165067,27.59939558091096,5.367909786958407,29.670205058700528,0
ITF13,0.8622087986308108,86.95810557793494,47.735962263608315,1.1060587976394594,13.930147318629142,0
FRK28,0.4734049198460938,85.7387088675564,64.27436785512728,-0.700245695300465,11.013678672090307,0
FRK28,0.5295458462645887,49.13486581954789,96.52429885296198,14.664097232610551,2.3592562293296364,0
DE929,0.8823898133273208,50.983708109853254,112.83917291674203,1.9322508114035113,26.873828900620435,1
AT123,0.3135459498848775,79.36594240485864,88.20010504328118,7.795787637393703,12.378839587073088,0
ITF13,0.3170807984087592,3.036831197648193,6.738879450598706,5.500106517080605,6.488735884355995,0
RO111,0.727912061995874,36.04150053212094,37.02068155845583,-2.5385207148895206,17.326969566630186,0
ITF13,0.837785823023926,1.395947701387401,70.61546055736552,-1.4450355550798544,35.28855138794102,0
ITF13,0.39467899330261547,52.32683345893757,60.1622827531669,2.405999582700174,4.422002926727702,0
AT123,0.6152834577333043,8.710205033536178,120.71123958184982,5.086234022136136,8.68039913267142,1
DE929,0.8934996207745378,90.71426408590504,86.22723638532344,-0.8400709109832727,2.217035814231127,0
RO111,0.4644970677634974,47.65971897020596,46.411148833435334,10.073423794232113,16.98430639989354,0
FRK28,0.6452500873586333,53.99305225802611,106.79776199832511,1.1486720406374555,5.510833944265144,0
ITF13,0.5470130966006853,35.280443266763385,91.60745554945696,10.428063581764826,16.2526528769953,0
ITF13,0.8386471071261344,3.580886516567583,39.35794991024016,8.356881856822051,15.509246693787384,0
RO224,0.7827515642934494,11.513926838870603,78.63071385941171,8.356566718652802,5.214097050715805,0
AT123,0.816906079261051,19.47473147448713,104.52337561538327,-3.782752126354574,23.535848731283075,1
FRK28,0.707404104156944,24.327808252871176,126.03552510975214,-3.98248134373282,23.85740967845294,1
DE929,0.22042862899593027,24.13094177576086,97.97996354028989,11.64715350200093,40.26137040395553,0
FRK28,0.3104252471485037,95.8380421868785,52.68289588084089,3.3035875668098686,18.59414790744889,0
FRK28,0.5879757955045796,95.91133387664968,119.61583086202921,-3.1131891534698486,9.607894118411632,0
RO111,0.8988691710081347,44.12711680306863,122.07613338070612,8.304741278375431,16.59716235188986,1
RO111,0.12584233969374417,76.59215787483072,26.957998479105523,9.519753345802807,22.642734075092353,0
RO224,0.3165526619104464,61.253916027005,119.2833784151814,7.699961550208128,14.011886204590958,0
ITF13,0.8274888976911495,6.941918034612926,51.30255673060179,14.967936650615034,29.07405141551579,0
FRK28,0.8713876089092711,38.89170428892847,66.5362968824264,8.134890048579086,3.065252219610972,0
RO111,0.47265766590656033,99.09717728865178,100.02691487703085,-3.7852279671232636,20.12986128629281,0
DE929,0.2695962689469263,31.724044873877066,88.01289482726135,4.9023036131413615,25.607919368173015,0
AT123,0.6163055652925113,4.813038284876869,47.95695457373191,11.321401474195554,7.635068776669566,0
FRK28,0.6186883616733715,5.063016692407718,72.24803306692331,12.054306756747394,23.242943933964057,0
ITF13,0.8450492856259,33.31034415856028,68.0068562301207,7.815609795101036,41.58679757714354,0
FRK28,0.1330164037804954,51.95230815384454,107.51702478624455,7.477060353908973,9.463054676307955,0
AT123,0.8028946346411212,81.77393781493589,145.68395431453538,-2.72329767302133,23.31107591488489,1
RO111,0.7613839515434969,50.699154754838915,117.20939842751828,3.692717052435901,1.3626177399875976,1
AT123,0.5609666472756539,52.953471399844645,40.07317218215978,3.188604736396499,20.702894636377295,0
ITF13,0.896155489399243,27.54934131884107,84.8908570422027,-2.181029684846434,6.169863681382704,0
ITF13,0.582449254613528,71.21770596656567,118.55129605331199,11.623173993018288,19.80750235732281,0
FRK28,0.5514660076324803,88.52513154717909,82.0335109127225,5.01487239253985,1.130532796697317,0
AT123,0.3864019025512574,75.5630449981499,42.44417032662181,5.926176297349688,16.377199043615846,0
ITF13,0.7052760571350799,61.95417326688397,113.24878060539595,11.789843336698755,37.26120169923368,1
FRK28,0.7023607004768463,38.07548670193426,115.63492842531902,9.691666248938802,34.562480076889734,1
DE929,0.17470700754409102,5.052538435764498,55.179297584103935,12.472135580254275,9.71737586368754,0
AT123,0.4977845862109328,81.20566472634772,112.29671796577479,8.358726871946745,30.55144976237897,0
RO111,0.8296096003788898,88.97016798940982,57.701973025595024,5.767867530471285,18.669070046536426,0
ITF13,0.5179494012989322,87.39599812663208,102.94869115249209,11.735209923581877,16.966027270294834,0
FRK28,0.2838465191201507,68.10072431618141,22.271139699422516,7.779241680916924,40.00536640103003,0
AT123,0.5713320401345972,16.927545183327,1.3143000669964322,9.969507498068882,21.92425397177762,0
ITF13,0.3242710595454621,65.25466365937996,39.103535320208756,13.142520380107136,11.065130215946148,0
DE929,0.1436627288179663,26.769995715161386,93.18741669697523,-0.6609589644489366,4.598714862726144,0
RO224,0.713627709531898,69.45539912355588,52.84564823031185,11.221660057848755,37.51685374145062,1
RO224,0.23081382500970316,72.93832025481579,100.53957001375656,-3.4938106304814487,40.64315641091797,0
AT123,0.20202468908673651,26.480153106134463,102.30689908336439,-2.1753604232766888,13.15762755600952,0
RO111,0.4262915307315528,25.54123649307608,4.003634422263719,7.147560762451013,30.919230397229683,0
RO111,0.19426006409742202,12.027251734452104,119.7418343458458,13.283828511637342,14.230634875994369,0
DE929,0.23319498323873067,76.456488760487,112.09282993082323,1.4258459263765433,28.325052507644834,0
RO224,0.2171583303194239,66.9118269572286,11.699695251147624,7.6487388584272065,10.775294657981089,0
FRK28,0.8527784410102207,36.67865805550643,34.16506783773961,2.089055786155402,42.0733151793207,0
RO111,0.7195007747264573,86.58426557515449,120.53359529098225,-4.714333886395954,18.238731692577257,0
AT123,0.8705167811105589,23.992880633714243,40.339320016413865,-1.4002568965943096,18.263226501860494,0
RO224,0.8803668018974296,10.846753828823086,115.6527531709285,13.240055248887082,22.347214386436438,1
ITF13,0.2878763943564178,53.093671236401306,84.37683440875048,4.88250615342732,34.63517294260561,0
AT123,0.45556912851727904,46.1657945561396,118.56781509643176,9.746282572032989,42.830479976582616,1
FRK28,0.45311439171894496,90.17575699908788,53.683204452067116,3.244709761639564,36.20831533750117,0
RO224,0.21349357029505633,63.036040736083486,29.808685402300583,2.912623548035995,12.363933282432374,0
FRK28,0.17876293166655063,28.842826858912485,71.17458346505575,9.533231257532497,24.956880524803946,0
RO224,0.31773474458422274,63.6554416634821,118.81054731012681,13.245582578933984,36.70171225464625,1
RO224,0.21361412202974242,38.86705769775658,120.94709916789748,7.070425484798527,22.127704143388954,0
AT123,0.5913298811159091,11.3914439451832,72.20875498567116,2.513004056307489,13.912693084305884,0
RO224,0.14993780691023215,88.86680785024868,32.842496437186085,14.395247502971731,34.159238398100285,0
AT123,0.12891680593188762,80.36086764063461,83.08139468395815,0.6363631272383818,42.694890777800936,0
RO111,0.5499777370515492,57.44038279881154,43.530736157257806,14.65126465169839,42.865540387613834,0
FRK28,0.8417442357111434,21.561325291102197,59.05919367069467,8.439661708261749,12.973350199015234,0
ITF13,0.5941924315602874,33.29811889622975,40.30553562429729,-2.9573953999571767,8.961986917623118,0
AT123,0.265054680919463,32.49721027531148,60.04009364950142,11.66242952637013,16.130837717696632,0
FRK28,0.15328957572764645,60.50087387621165,148.88662071090945,1.6363170779623193,6.274818271290918,0
RO224,0.6957992778949428,41.335305578846906,98.18657633372602,14.716810592415712,9.644981231492796,1
AT123,0.3575480643852943,79.20507498918178,65.10921936600458,2.5542068770977018,20.346821323406708,0
RO111,0.7704231754039219,25.578328496037585,45.95846451727555,14.277844116931611,22.64347467604352,0
RO111,0.2705978581156072,90.03454275454514,136.7539931164933,2.1701328093514904,17.782994503055203,0
RO224,0.6652009091411156,50.23494721305136,26.487789111573694,-3.352411664011985,17.470378640020645,0
FRK28,0.7604541793921259,20.808364813614354,147.29690155254156,6.151878932871849,24.17229404016839,1
RO224,0.6714607802689171,0.5317611229403774,63.880034546930695,12.03847706946803,36.753283328464335,0
RO111,0.34007812549367655,55.053556552561936,142.13750739244517,12.378339471558874,35.27402145803431,1
RO224,0.8493831257395869,56.40131266380456,141.57120695425448,14.396696262872297,11.433654157227245,1
AT123,0.8828651762621419,4.301938009346296,62.085613310468354,3.096409582149615,21.853984936260456,0
RO111,0.6191073989384279,35.64334666910292,75.6615579705781,-4.470876782686011,24.809107395040577,0
DE929,0.725336451477076,38.13338778401961,100.0163703139661,-4.5292058095152665,3.7248520755803693,0
RO111,0.643013176841412,35.19683800952189,86.06319325208419,3.0457081005165207,34.16201334895836,1
RO111,0.18299547024630292,52.54570306311993,21.40570490259192,7.360098479322229,41.66260210314152,0
FRK28,0.8319325089783602,11.087917915752199,76.90738265398409,-3.382895284175378,15.296319313299474,0
AT123,0.493714376213653,32.282679394826296,3.0370909872524443,-2.39207043099674,11.908294500115993,0
AT123,0.5216525783967146,35.334103995986176,60.673884290861686,3.5013437772231306,11.729579979834345,0
FRK28,0.5642745611186645,51.98145180620279,140.67021881271555,0.2960438588333236,13.317747307706135,0
ITF13,0.4328414114953685,55.35829312743586,19.881488109406575,9.111185181560417,36.14898604505596,0
FRK28,0.5881963203712911,94.94116790122361,83.79613447163503,0.811588518017512,40.365126049331536,0
FRK28,0.20756791273245617,30.577532070600565,124.7219158893421,13.412597742029028,42.824328717138386,0
ITF13,0.43217910298680584,65.97118221085464,77.28165527010142,13.71383045398342,43.453910577124155,0
RO224,0.273687249222743,86.80619449548016,134.7410042670103,3.9210585589326428,22.137034635947316,0
RO111,0.3805148019791874,6.250206550398929,60.80234874305618,-3.6825997883007133,16.362944273156238,0
AT123,0.7428489580024477,12.33515636714988,96.84832764823344,2.583863381169418,37.37359874263316,1
FRK28,0.19373091988967595,75.4035893860911,38.71626711273802,13.35146084520754,2.249112676335031,0
FRK28,0.20184809278033447,10.537449937887178,111.09472522403715,6.303228922258356,19.571874456297824,0
RO224,0.1996108145176823,96.84103045134901,36.58288538545339,7.690754902029353,40.74301224173953,0
RO224,0.6423369211927882,84.26190108962555,60.97030085985507,14.541671154091773,35.27824297570597,1
FRK28,0.8014844916075308,70.38092776953724,8.97595857657809,7.81078297732159,41.99425336886057,0
ITF13,0.2021671911964753,67.88876773507481,64.62031681486386,-0.5926890698680847,4.304941093928596,0
ITF13,0.11613499141008853,69.92876727239748,138.4815430357598,5.297825137955293,22.161379642927205,0
DE929,0.7346696248306105,83.23969515083705,135.5545479311324,11.646719281099887,14.24974801961892,1
DE929,0.30919876393488566,15.999384566865372,141.3847401058307,5.709306529462296,15.85177846688163,0
RO224,0.637629445236292,46.262908611238686,44.164519718050634,0.7429089686533015,34.42611665812758,0
RO111,0.4214563805569512,92.47534747484622,46.610464560618986,9.414479538238286,36.92216798135421,0
FRK28,0.44180103134345783,6.852185609142946,38.58653100858439,-2.2177745246258307,30.437226200962108,0
ITF13,0.3534223081185932,11.051937548264036,145.07622021993575,6.738864661146696,30.21003225364057,0
DE929,0.15824891041038347,3.8202187218731587,94.54254766915713,-3.692461144873689,23.090157469817083,0
RO111,0.7000818751155017,14.878326025173905,22.462779788721534,12.419707090441744,44.27367055064979,0
FRK28,0.12102100413666142,68.21486657371737,58.950110535595726,2.589799914935071,5.249653219455317,0
AT123,0.7737353988562969,31.75230822703965,5.579458680415344,7.563610377025306,21.37151719122157,0
RO224,0.5121147845494433,82.74666753903651,31.522074675455624,1.545976689517497,40.737847639942885,0
DE929,0.4154735683670936,96.59415189418989,44.60767400025687,3.2331214274085553,36.06090188604555,0
RO111,0.439070753955474,89.25365334012206,80.27891673597539,6.540632494647525,12.806579557624975,0
AT123,0.5405544630643291,31.063293872881193,137.38034581041202,1.6788035862318074,2.5709664382041626,0
RO111,0.2982968090167606,79.63298278804545,14.202809481803069,9.264223551800743,44.47020587630459,0
ITF13,0.8534313556758225,59.773344353957704,109.65240108570427,4.97440577474503,32.5912638262256,1
DE929,0.22643512783121222,42.08165898753518,83.24693391827121,12.59535427118584,14.135586546031835,0
DE929,0.455201356042521,20.253969217458657,27.042798067248068,-2.1897298328809955,14.494772872627792,0
RO224,0.7140899662542843,28.4705809894647,61.63762708634765,12.632387505767092,34.38273116616494,0
DE929,0.23118994121897335,53.19041719645827,133.299827853581,2.4208143987885116,34.88319153758135,0
RO111,0.8764634719662565,84.43766853820424,4.426323272709171,0.5401884531654471,24.785415404598062,0
FRK28,0.131442601357306,37.148505860992366,47.29981223248114,1.4363405581427653,35.68581482703429,0
AT123,0.1519610116767363,95.54855653481809,98.55792405539235,14.262074857100714,44.924596542904325,1
RO224,0.8080170811412953,84.79257377496008,31.630576844108926,6.416676506586455,41.94079429474206,0
RO224,0.5210746817355834,57.75901754090097,131.7791060197612,11.155698142879878,40.25500690032744,1
RO111,0.6613361471519787,4.474712416303072,30.587776749191743,7.522288892239171,14.764943380303901,0
RO224,0.23080188803811225,83.46578023103757,88.79796471581211,9.14106041714685,44.49572258807212,1
ITF13,0.36480034280695794,10.801201332422572,110.40547632308648,-0.854074322799347,42.428534503213086,0
ITF13,0.6664904286707194,68.49363241354973,117.20601772722111,13.319637986960242,24.078018665708893,1
ITF13,0.3996412103106278,14.494243688859454,89.80463042682074,11.552590625675549,22.51889682411937,0
ITF13,0.5601885582613656,46.13608934335956,119.66111285416729,5.742010997887538,22.19538728688088,0
FRK28,0.2728831170972817,21.618112539090173,27.96834785893899,-2.3196639204287695,31.98795367201549,0
DE929,0.18113618544081522,12.189078708394952,34.27368789167766,14.215565277908883,31.624878669032654,0
RO111,0.6432189083624646,65.4756511889463,71.74257852759156,8.732443341218987,37.42219073047845,1
RO224,0.5529479372735463,98.07057381769229,148.52817491403948,1.1867263093462093,33.01953395655382,0
RO224,0.532722900196881,61.14597159580989,109.81573942806187,-0.16750429955056312,27.905674371925777,0
AT123,0.3749842162978714,16.79384969871416,100.00042005143297,3.4635882198329337,17.283685079295022,0
RO224,0.3136070364382634,52.2114841033983,84.03218287528645,8.491336975322529,2.5099357124086157,0
DE929,0.6710670782451997,32.29628391713221,117.24001485251901,6.456286216057492,44.61810042387071,1
RO224,0.6925869642393225,12.014251713294211,128.28439933421967,6.869903935776501,11.228068966081143,0
DE929,0.6455056828477701,59.342742754436316,148.3933016767002,-2.9976552403992196,15.273394589982734,0
AT123,0.3532721627082195,6.6524835333511945,4.061259195391825,-3.1038101328133028,6.698283318969112,0
FRK28,0.5245056867779602,59.075152198613665,44.71221713304243,10.864417658651043,12.00727136420539,0
RO111,0.4969649530675049,32.72868499531627,94.63155783374619,11.632278429543522,30.28368008022678,1
AT123,0.7930215314670502,95.51077771465413,134.63993756969904,7.495971614920778,2.8788215756943107,0
RO224,0.42821666759146104,25.088826263313102,26.95344834650489,2.6437471886252055,4.395986396009354,0
FRK28,0.7155778933375035,89.62356094340787,75.86278709188089,12.395939765040012,40.63666178880964,1
DE929,0.8874148787079059,75.48256633408317,143.94788504391934,-1.832814447239941,16.44712010508082,0
RO111,0.47629484520312837,97.71210140714987,43.5799114139693,-1.4760926546078368,3.9446835286930986,0
RO224,0.39296614696631305,53.747971347353115,91.20556420884614,3.604666963263446,29.212508824851138,0
RO224,0.39887938626887487,83.93149031292742,89.25123327746242,12.615756420168598,36.62679652073472,1
DE929,0.5802912471475253,53.12136515762242,123.55189127117957,-0.9532563053661658,44.46789605462404,0
DE929,0.12235788407867298,65.65877152906643,56.488923458860654,9.22939272643955,44.90400698027002,1
RO224,0.7128901149144382,28.23588539094384,8.792410226530606,12.95768937311739,22.579276816837766,0
AT123,0.31778523589402213,11.253043656285278,73.60075659218168,14.639487434110524,14.932451844370625,0
RO111,0.3300197641028425,37.29488182102095,76.00364501220224,3.477177791891318,34.81406998856095,0
AT123,0.22973278143330972,72.493019569328,10.431338914219562,13.713945506742611,11.496111087753775,0
RO111,0.3794212066960301,5.515555196626664,82.6239799765107,-2.7626866281829066,16.232570448888055,0
RO111,0.7210420566497205,60.910040463276296,120.71640736787042,11.214742754709562,26.550754474920215,1
DE929,0.5275705911709164,91.37188736996328,24.522669581751888,3.216676831487053,17.584861813664308,0
FRK28,0.8981171697918174,7.029213494738729,30.846192401326295,12.197994300448997,5.327234292780733,0
AT123,0.4015039969687334,40.18191395423991,106.73134361661116,1.5493576902523198,2.0119837641721476,0
RO111,0.22501903335572113,25.357077599019316,136.33111694706375,6.8959780647963775,30.81113258311001,0
AT123,0.4502229824589692,60.35908570976331,89.2201239227532,5.856146520381207,19.10135378909241,0
RO224,0.4129824779131849,22.826844502809873,135.5563901046291,12.986236363713708,36.962225530662074,0
DE929,0.6646497464636585,36.51827883404483,84.30789125339325,-1.5465887052569616,6.690836460130852,0
FRK28,0.5514164029113988,52.04702947585954,64.40584379405682,4.52811423775926,30.401679040761344,0
RO224,0.847645818177415,60.80079556048075,141.64107190971703,13.589606927054707,12.451845076212543,1
ITF13,0.5432851822873835,4.153688073452422,1.8948381851712548,5.758990525915648,43.13475120345061,0
DE929,0.5877698565602375,39.44953761748411,32.429536331053505,7.9134438023773335,19.07922539213418,0
FRK28,0.10731881971802021,35.68818869149544,19.918800998731317,6.993880433073818,33.05456278518129,0
FRK28,0.4844032869367103,54.43476929237424,98.18872724522474,5.43367076905823,8.383736124872314,0
DE929,0.3359270583964533,14.540733453264377,100.72060785538481,11.93332473671392,26.384553518320214,0
RO224,0.353895261024499,34.846403215764646,112.45894747456066,14.769984964030712,2.8302911646547853,0
FRK28,0.5939886767638353,69.9589494637166,135.68971389587725,10.943274707351879,10.953603190220653,0
FRK28,0.8879589733572243,85.2877565412395,138.05731478835952,10.913093252622378,18.349271193307715,1
DE929,0.7167210564050709,22.696250728671973,86.8988542683706,0.6923337597686663,8.535822420942349,0
AT123,0.14292441188008428,77.36022090473581,43.10122724492879,-4.251023632723205,17.139483301168053,0
RO111,0.31910135487728186,83.09822341452286,132.12265118038633,-4.359534680569681,2.2662364117074354,0
RO224,0.6952717532176311,58.21019590487876,82.05162360170091,1.4037578492585983,14.788107713353597,1
FRK28,0.6144775701795939,45.076692097818174,33.88805016815605,13.776302873085452,29.351539807808802,0
AT123,0.796233501551037,28.171876426048716,143.4105022858447,13.745401403645342,41.549104936853766,1
FRK28,0.6654692308246883,85.71726317413028,38.18611973242234,2.262543469031666,7.886144039356149,0
AT123,0.6008909315665129,61.3152883276371,140.5982939007679,0.6816825988546116,4.496990841085062,0
FRK28,0.8891872004794537,79.67303136424975,36.31332864364215,11.616716933549526,19.22874032145112,0
ITF13,0.6527992858700055,11.703472723033048,80.59566842200539,7.6820159762727425,8.091374010369478,1
FRK28,0.10151371422726525,49.49211888246234,30.42521348949398,5.967350149298166,38.99946774814231,0
FRK28,0.2687572280946655,96.70554420905938,66.90735086030097,10.509447070950642,7.500905649508047,0
FRK28,0.35032719865361484,41.45570420675625,34.24720664555539,10.923248860113832,39.98867889071012,0
AT123,0.11003664861255978,73.1808349210917,71.9791938814844,7.720888605355828,14.919827205972748,0
RO224,0.25866695128622663,26.335871164262915,105.19886932546912,12.68309664528082,19.931283079619867,0
FRK28,0.11826560409071246,77.4312761504485,94.10738271159256,14.815047057423318,32.142126170810606,1
